{
    "asset": {
        "format": "jpg",
        "id": "00f229c78e37db997c73bdb316beab55",
        "name": "desk_181.jpg",
        "path": "file:C:/Users/ryanm/OneDrive/Desktop/CKRmodel/imgs/desk_181.jpg",
        "size": {
            "width": 224,
            "height": 224
        },
        "state": 2,
        "type": 1
    },
    "regions": [
        {
            "id": "U3GLLsGYV",
            "type": "RECTANGLE",
            "tags": [
                "desks"
            ],
            "boundingBox": {
                "height": 58.59602649006623,
                "width": 55.629150390625,
                "left": 69.2891869955505,
                "top": 94.94039735099338
            },
            "points": [
                {
                    "x": 69.2891869955505,
                    "y": 94.94039735099338
                },
                {
                    "x": 124.9183373861755,
                    "y": 94.94039735099338
                },
                {
                    "x": 124.9183373861755,
                    "y": 153.53642384105962
                },
                {
                    "x": 69.2891869955505,
                    "y": 153.53642384105962
                }
            ]
        },
        {
            "id": "bMNsbh8XD",
            "type": "RECTANGLE",
            "tags": [
                "desks"
            ],
            "boundingBox": {
                "height": 24.4768325098303,
                "width": 64.2825644789942,
                "left": 2.781456953642384,
                "top": 146.61369030680876
            },
            "points": [
                {
                    "x": 2.781456953642384,
                    "y": 146.61369030680876
                },
                {
                    "x": 67.0640214326366,
                    "y": 146.61369030680876
                },
                {
                    "x": 67.0640214326366,
                    "y": 171.09052281663907
                },
                {
                    "x": 2.781456953642384,
                    "y": 171.09052281663907
                }
            ]
        },
        {
            "id": "pA6pfa_Va",
            "type": "RECTANGLE",
            "tags": [
                "desks"
            ],
            "boundingBox": {
                "height": 65.51877134209437,
                "width": 34.36645346129967,
                "left": 175.60264900662253,
                "top": 99.3907284768212
            },
            "points": [
                {
                    "x": 175.60264900662253,
                    "y": 99.3907284768212
                },
                {
                    "x": 209.9691024679222,
                    "y": 99.3907284768212
                },
                {
                    "x": 209.9691024679222,
                    "y": 164.90949981891558
                },
                {
                    "x": 175.60264900662253,
                    "y": 164.90949981891558
                }
            ]
        }
    ],
    "version": "2.2.0"
}