{
    "asset": {
        "format": "jpg",
        "id": "01157011a7bc709e7f490ddfbe6f31ee",
        "name": "desk_081.jpg",
        "path": "file:C:/Users/ryanm/OneDrive/Desktop/CKRmodel/imgs/desk_081.jpg",
        "size": {
            "width": 224,
            "height": 224
        },
        "state": 2,
        "type": 1
    },
    "regions": [
        {
            "id": "o7JR5y6ze",
            "type": "RECTANGLE",
            "tags": [
                "desks"
            ],
            "boundingBox": {
                "height": 136.4768325098303,
                "width": 198.7814682714197,
                "left": 10.693160505484272,
                "top": 53.15673666442467
            },
            "points": [
                {
                    "x": 10.693160505484272,
                    "y": 53.15673666442467
                },
                {
                    "x": 209.47462877690398,
                    "y": 53.15673666442467
                },
                {
                    "x": 209.47462877690398,
                    "y": 189.63356917425497
                },
                {
                    "x": 10.693160505484272,
                    "y": 189.63356917425497
                }
            ]
        }
    ],
    "version": "2.2.0"
}