{
    "asset": {
        "format": "jpg",
        "id": "0122212f48939c9776e8564e1b93b891",
        "name": "desk_115.jpg",
        "path": "file:C:/Users/ryanm/OneDrive/Desktop/CKRmodel/imgs/desk_115.jpg",
        "size": {
            "width": 224,
            "height": 224
        },
        "state": 2,
        "type": 1
    },
    "regions": [
        {
            "id": "s9_1D9FjM",
            "type": "RECTANGLE",
            "tags": [
                "desks"
            ],
            "boundingBox": {
                "height": 132.2737382295116,
                "width": 108.78586441949504,
                "left": 77.4481387106788,
                "top": 84.55629139072848
            },
            "points": [
                {
                    "x": 77.4481387106788,
                    "y": 84.55629139072848
                },
                {
                    "x": 186.23400313017385,
                    "y": 84.55629139072848
                },
                {
                    "x": 186.23400313017385,
                    "y": 216.83002962024008
                },
                {
                    "x": 77.4481387106788,
                    "y": 216.83002962024008
                }
            ]
        },
        {
            "id": "coWQfz4bu",
            "type": "RECTANGLE",
            "tags": [
                "desks"
            ],
            "boundingBox": {
                "height": 89.50111884312913,
                "width": 71.69977170426324,
                "left": 9.70420180567053,
                "top": 67.49668874172185
            },
            "points": [
                {
                    "x": 9.70420180567053,
                    "y": 67.49668874172185
                },
                {
                    "x": 81.40397350993378,
                    "y": 67.49668874172185
                },
                {
                    "x": 81.40397350993378,
                    "y": 156.997807584851
                },
                {
                    "x": 9.70420180567053,
                    "y": 156.997807584851
                }
            ]
        }
    ],
    "version": "2.2.0"
}