{
    "asset": {
        "format": "jpg",
        "id": "047be5c8c05b98d39d51ede19eb17840",
        "name": "desk_122.jpg",
        "path": "file:C:/Users/ryanm/OneDrive/Desktop/CKRmodel/imgs/desk_122.jpg",
        "size": {
            "width": 224,
            "height": 224
        },
        "state": 2,
        "type": 1
    },
    "regions": [
        {
            "id": "e3mkvnj5T",
            "type": "RECTANGLE",
            "tags": [
                "desks"
            ],
            "boundingBox": {
                "height": 69.22736929584023,
                "width": 169.11258278145695,
                "left": 34.675496688741724,
                "top": 26.45474990945778
            },
            "points": [
                {
                    "x": 34.675496688741724,
                    "y": 26.45474990945778
                },
                {
                    "x": 203.78807947019868,
                    "y": 26.45474990945778
                },
                {
                    "x": 203.78807947019868,
                    "y": 95.68211920529801
                },
                {
                    "x": 34.675496688741724,
                    "y": 95.68211920529801
                }
            ]
        }
    ],
    "version": "2.2.0"
}