{
    "asset": {
        "format": "jpg",
        "id": "0606844dda6f7119bb9cf9026efb1d08",
        "name": "desk_023.jpg",
        "path": "file:C:/Users/ryanm/OneDrive/Desktop/CKRmodel/imgs/desk_023.jpg",
        "size": {
            "width": 224,
            "height": 224
        },
        "state": 2,
        "type": 1
    },
    "regions": [
        {
            "id": "wzG9wddQ-",
            "type": "RECTANGLE",
            "tags": [
                "desks"
            ],
            "boundingBox": {
                "height": 216.58278145695365,
                "width": 217.07726646574918,
                "left": 2.5342201081332782,
                "top": 4.450331125827814
            },
            "points": [
                {
                    "x": 2.5342201081332782,
                    "y": 4.450331125827814
                },
                {
                    "x": 219.61148657388244,
                    "y": 4.450331125827814
                },
                {
                    "x": 219.61148657388244,
                    "y": 221.03311258278146
                },
                {
                    "x": 2.5342201081332782,
                    "y": 221.03311258278146
                }
            ]
        }
    ],
    "version": "2.2.0"
}