{
    "asset": {
        "format": "jpg",
        "id": "07227e0fe9e0e0078fe28b69f6f742be",
        "name": "desk_185.jpg",
        "path": "file:C:/Users/ryanm/OneDrive/Desktop/CKRmodel/imgs/desk_185.jpg",
        "size": {
            "width": 224,
            "height": 224
        },
        "state": 2,
        "type": 1
    },
    "regions": [
        {
            "id": "ipR5z1j3k",
            "type": "RECTANGLE",
            "tags": [
                "desks"
            ],
            "boundingBox": {
                "height": 65.02427501552152,
                "width": 129.55407634002484,
                "left": 3.770426971233444,
                "top": 111.50552630898179
            },
            "points": [
                {
                    "x": 3.770426971233444,
                    "y": 111.50552630898179
                },
                {
                    "x": 133.32450331125827,
                    "y": 111.50552630898179
                },
                {
                    "x": 133.32450331125827,
                    "y": 176.52980132450332
                },
                {
                    "x": 3.770426971233444,
                    "y": 176.52980132450332
                }
            ]
        }
    ],
    "version": "2.2.0"
}