{
    "asset": {
        "format": "jpg",
        "id": "07fcd1d8230108b2b64cda7e820f8402",
        "name": "desk_172.jpg",
        "path": "file:C:/Users/ryanm/OneDrive/Desktop/CKRmodel/imgs/desk_172.jpg",
        "size": {
            "width": 224,
            "height": 224
        },
        "state": 2,
        "type": 1
    },
    "regions": [
        {
            "id": "BgdJ6jIV7",
            "type": "RECTANGLE",
            "tags": [
                "desks"
            ],
            "boundingBox": {
                "height": 45.73951812137831,
                "width": 75.90287730235927,
                "left": 79.42605611030629,
                "top": 67.99117375051739
            },
            "points": [
                {
                    "x": 79.42605611030629,
                    "y": 67.99117375051739
                },
                {
                    "x": 155.32893341266558,
                    "y": 67.99117375051739
                },
                {
                    "x": 155.32893341266558,
                    "y": 113.7306918718957
                },
                {
                    "x": 79.42605611030629,
                    "y": 113.7306918718957
                }
            ]
        }
    ],
    "version": "2.2.0"
}