{
    "asset": {
        "format": "jpg",
        "id": "08f6398ac7d702beb2e526c857d434b2",
        "name": "desk_065.jpg",
        "path": "file:C:/Users/ryanm/OneDrive/Desktop/CKRmodel/imgs/desk_065.jpg",
        "size": {
            "width": 224,
            "height": 224
        },
        "state": 2,
        "type": 1
    },
    "regions": [
        {
            "id": "kaLxJcuJX",
            "type": "RECTANGLE",
            "tags": [
                "desks"
            ],
            "boundingBox": {
                "height": 50.437086092715234,
                "width": 100.37967585885762,
                "left": 90.79913208816225,
                "top": 140.9271523178808
            },
            "points": [
                {
                    "x": 90.79913208816225,
                    "y": 140.9271523178808
                },
                {
                    "x": 191.17880794701986,
                    "y": 140.9271523178808
                },
                {
                    "x": 191.17880794701986,
                    "y": 191.36423841059602
                },
                {
                    "x": 90.79913208816225,
                    "y": 191.36423841059602
                }
            ]
        },
        {
            "id": "zXISosr8D",
            "type": "RECTANGLE",
            "tags": [
                "desks"
            ],
            "boundingBox": {
                "height": 34.61369030680878,
                "width": 74.41942227597268,
                "left": 3.275941962437914,
                "top": 128.07064394919288
            },
            "points": [
                {
                    "x": 3.275941962437914,
                    "y": 128.07064394919288
                },
                {
                    "x": 77.69536423841059,
                    "y": 128.07064394919288
                },
                {
                    "x": 77.69536423841059,
                    "y": 162.68433425600165
                },
                {
                    "x": 3.275941962437914,
                    "y": 162.68433425600165
                }
            ]
        }
    ],
    "version": "2.2.0"
}