{
    "asset": {
        "format": "jpg",
        "id": "0906dc22a2eb1a9a3dfff7d42ef918c0",
        "name": "desk_111.jpg",
        "path": "file:C:/Users/ryanm/OneDrive/Desktop/CKRmodel/imgs/desk_111.jpg",
        "size": {
            "width": 224,
            "height": 224
        },
        "state": 2,
        "type": 1
    },
    "regions": [
        {
            "id": "8s6yHH9ec",
            "type": "RECTANGLE",
            "tags": [
                "desks"
            ],
            "boundingBox": {
                "height": 128.56512329909975,
                "width": 81.34215581022352,
                "left": 136.53863889176324,
                "top": 21.7571762792322
            },
            "points": [
                {
                    "x": 136.53863889176324,
                    "y": 21.7571762792322
                },
                {
                    "x": 217.88079470198676,
                    "y": 21.7571762792322
                },
                {
                    "x": 217.88079470198676,
                    "y": 150.32229957833195
                },
                {
                    "x": 136.53863889176324,
                    "y": 150.32229957833195
                }
            ]
        },
        {
            "id": "u-F0jUnVl",
            "type": "RECTANGLE",
            "tags": [
                "desks"
            ],
            "boundingBox": {
                "height": 179.49668874172187,
                "width": 68.7328842870447,
                "left": 74.23400313017385,
                "top": 35.602649006622514
            },
            "points": [
                {
                    "x": 74.23400313017385,
                    "y": 35.602649006622514
                },
                {
                    "x": 142.96688741721854,
                    "y": 35.602649006622514
                },
                {
                    "x": 142.96688741721854,
                    "y": 215.09933774834437
                },
                {
                    "x": 74.23400313017385,
                    "y": 215.09933774834437
                }
            ]
        },
        {
            "id": "RzqvgVdb4",
            "type": "RECTANGLE",
            "tags": [
                "desks"
            ],
            "boundingBox": {
                "height": 176.28256730843853,
                "width": 61.810150752793874,
                "left": 8.467994942570364,
                "top": 7.911700722397558
            },
            "points": [
                {
                    "x": 8.467994942570364,
                    "y": 7.911700722397558
                },
                {
                    "x": 70.27814569536424,
                    "y": 7.911700722397558
                },
                {
                    "x": 70.27814569536424,
                    "y": 184.1942680308361
                },
                {
                    "x": 8.467994942570364,
                    "y": 184.1942680308361
                }
            ]
        }
    ],
    "version": "2.2.0"
}