{
    "asset": {
        "format": "jpg",
        "id": "09f573276404644f772b7bc214c64c81",
        "name": "desk_029.jpg",
        "path": "file:C:/Users/ryanm/OneDrive/Desktop/CKRmodel/imgs/desk_029.jpg",
        "size": {
            "width": 224,
            "height": 224
        },
        "state": 2,
        "type": 1
    },
    "regions": [
        {
            "id": "w_ax-j0Mg",
            "type": "RECTANGLE",
            "tags": [
                "desks"
            ],
            "boundingBox": {
                "height": 176.77703817001242,
                "width": 162.18984924720613,
                "left": 32.944816134623345,
                "top": 29.421637326676326
            },
            "points": [
                {
                    "x": 32.944816134623345,
                    "y": 29.421637326676326
                },
                {
                    "x": 195.13466538182948,
                    "y": 29.421637326676326
                },
                {
                    "x": 195.13466538182948,
                    "y": 206.19867549668874
                },
                {
                    "x": 32.944816134623345,
                    "y": 206.19867549668874
                }
            ]
        }
    ],
    "version": "2.2.0"
}