{
    "asset": {
        "format": "jpg",
        "id": "0a9525ed97fd3b81cb6cb5b2d915682c",
        "name": "desk_083.jpg",
        "path": "file:C:/Users/ryanm/OneDrive/Desktop/CKRmodel/imgs/desk_083.jpg",
        "size": {
            "width": 224,
            "height": 224
        },
        "state": 2,
        "type": 1
    },
    "regions": [
        {
            "id": "MTNRCelbV",
            "type": "RECTANGLE",
            "tags": [
                "desks"
            ],
            "boundingBox": {
                "height": 176.03531631570777,
                "width": 219.30243202866308,
                "left": 2.5342201081332782,
                "top": 36.09713401541805
            },
            "points": [
                {
                    "x": 2.5342201081332782,
                    "y": 36.09713401541805
                },
                {
                    "x": 221.83665213679637,
                    "y": 36.09713401541805
                },
                {
                    "x": 221.83665213679637,
                    "y": 212.13245033112582
                },
                {
                    "x": 2.5342201081332782,
                    "y": 212.13245033112582
                }
            ]
        }
    ],
    "version": "2.2.0"
}