{
    "asset": {
        "format": "jpg",
        "id": "0a9b37d203f1228b03a6cda316869dbf",
        "name": "desk_171.jpg",
        "path": "file:C:/Users/ryanm/OneDrive/Desktop/CKRmodel/imgs/desk_171.jpg",
        "size": {
            "width": 224,
            "height": 224
        },
        "state": 2,
        "type": 1
    },
    "regions": [
        {
            "id": "LjwfpQw3E",
            "type": "RECTANGLE",
            "tags": [
                "desks"
            ],
            "boundingBox": {
                "height": 57.11259409923427,
                "width": 109.28034942829056,
                "left": 52.229584346543874,
                "top": 133.26269692932533
            },
            "points": [
                {
                    "x": 52.229584346543874,
                    "y": 133.26269692932533
                },
                {
                    "x": 161.50993377483445,
                    "y": 133.26269692932533
                },
                {
                    "x": 161.50993377483445,
                    "y": 190.37529102855962
                },
                {
                    "x": 52.229584346543874,
                    "y": 190.37529102855962
                }
            ]
        }
    ],
    "version": "2.2.0"
}