{
    "asset": {
        "format": "jpg",
        "id": "0f939d9b62c1f86e2c8fc375fee5f928",
        "name": "desk_044.jpg",
        "path": "file:C:/Users/ryanm/OneDrive/Desktop/CKRmodel/imgs/desk_044.jpg",
        "size": {
            "width": 224,
            "height": 224
        },
        "state": 2,
        "type": 1
    },
    "regions": [
        {
            "id": "CiG0ti1JN",
            "type": "RECTANGLE",
            "tags": [
                "desks"
            ],
            "boundingBox": {
                "height": 147.84989716990896,
                "width": 90.24281806187913,
                "left": 43.08168524937914,
                "top": 45.24503311258278
            },
            "points": [
                {
                    "x": 43.08168524937914,
                    "y": 45.24503311258278
                },
                {
                    "x": 133.32450331125827,
                    "y": 45.24503311258278
                },
                {
                    "x": 133.32450331125827,
                    "y": 193.09493028249173
                },
                {
                    "x": 43.08168524937914,
                    "y": 193.09493028249173
                }
            ]
        },
        {
            "id": "-vXvAxERE",
            "type": "RECTANGLE",
            "tags": [
                "desks"
            ],
            "boundingBox": {
                "height": 135.24062564673014,
                "width": 70.21635063120861,
                "left": 134.80794701986756,
                "top": 40.794701986754966
            },
            "points": [
                {
                    "x": 134.80794701986756,
                    "y": 40.794701986754966
                },
                {
                    "x": 205.02429765107615,
                    "y": 40.794701986754966
                },
                {
                    "x": 205.02429765107615,
                    "y": 176.0353276334851
                },
                {
                    "x": 134.80794701986756,
                    "y": 176.0353276334851
                }
            ]
        }
    ],
    "version": "2.2.0"
}