{
    "asset": {
        "format": "jpg",
        "id": "1007aa3d6e5733d5e8ed2a47b05b0202",
        "name": "desk_159.jpg",
        "path": "file:C:/Users/ryanm/OneDrive/Desktop/CKRmodel/imgs/desk_159.jpg",
        "size": {
            "width": 224,
            "height": 224
        },
        "state": 2,
        "type": 1
    },
    "regions": [
        {
            "id": "OWxuKtw4Y",
            "type": "RECTANGLE",
            "tags": [
                "desks"
            ],
            "boundingBox": {
                "height": 78.12804286527319,
                "width": 132.02650138400247,
                "left": 21.81898832005381,
                "top": 138.94923491825332
            },
            "points": [
                {
                    "x": 21.81898832005381,
                    "y": 138.94923491825332
                },
                {
                    "x": 153.8454897040563,
                    "y": 138.94923491825332
                },
                {
                    "x": 153.8454897040563,
                    "y": 217.07727778352648
                },
                {
                    "x": 21.81898832005381,
                    "y": 217.07727778352648
                }
            ]
        }
    ],
    "version": "2.2.0"
}