{
    "asset": {
        "format": "jpg",
        "id": "109cc0d625739732f6bf158054b54963",
        "name": "desk_019.jpg",
        "path": "file:C:/Users/ryanm/OneDrive/Desktop/CKRmodel/imgs/desk_019.jpg",
        "size": {
            "width": 224,
            "height": 224
        },
        "state": 2,
        "type": 1
    },
    "regions": [
        {
            "id": "I0z1eyO7u",
            "type": "RECTANGLE",
            "tags": [
                "desks"
            ],
            "boundingBox": {
                "height": 183.45253485875415,
                "width": 188.3973509933775,
                "left": 18.357615894039736,
                "top": 16.812365803497517
            },
            "points": [
                {
                    "x": 18.357615894039736,
                    "y": 16.812365803497517
                },
                {
                    "x": 206.75496688741723,
                    "y": 16.812365803497517
                },
                {
                    "x": 206.75496688741723,
                    "y": 200.26490066225165
                },
                {
                    "x": 18.357615894039736,
                    "y": 200.26490066225165
                }
            ]
        }
    ],
    "version": "2.2.0"
}