{
    "asset": {
        "format": "jpg",
        "id": "120ee9cb314352a2638af6eb37770b0d",
        "name": "desk_002.jpg",
        "path": "file:C:/Users/ryanm/OneDrive/Desktop/CKRmodel/imgs/desk_002.jpg",
        "size": {
            "width": 224,
            "height": 224
        },
        "state": 2,
        "type": 1
    },
    "regions": [
        {
            "id": "7DSmF1wn8",
            "type": "RECTANGLE",
            "tags": [
                "desks"
            ],
            "boundingBox": {
                "height": 184.86247894400557,
                "width": 208.17843866171003,
                "left": 6.661710037174721,
                "top": 18.597282324581784
            },
            "points": [
                {
                    "x": 6.661710037174721,
                    "y": 18.597282324581784
                },
                {
                    "x": 214.84014869888478,
                    "y": 18.597282324581784
                },
                {
                    "x": 214.84014869888478,
                    "y": 203.45976126858736
                },
                {
                    "x": 6.661710037174721,
                    "y": 203.45976126858736
                }
            ]
        }
    ],
    "version": "2.2.0"
}