{
    "asset": {
        "format": "jpg",
        "id": "131207c06f7a3da3589a6800f3f3cfe2",
        "name": "desk_009.jpg",
        "path": "file:C:/Users/ryanm/OneDrive/Desktop/CKRmodel/imgs/desk_009.jpg",
        "size": {
            "width": 224,
            "height": 224
        },
        "state": 2,
        "type": 1
    },
    "regions": [
        {
            "id": "8NEmQA4jP",
            "type": "RECTANGLE",
            "tags": [
                "desks"
            ],
            "boundingBox": {
                "height": 215.39530814358736,
                "width": 207.06815789091544,
                "left": 3.886001757086431,
                "top": 5.828996282527881
            },
            "points": [
                {
                    "x": 3.886001757086431,
                    "y": 5.828996282527881
                },
                {
                    "x": 210.95415964800188,
                    "y": 5.828996282527881
                },
                {
                    "x": 210.95415964800188,
                    "y": 221.22430442611525
                },
                {
                    "x": 3.886001757086431,
                    "y": 221.22430442611525
                }
            ]
        }
    ],
    "version": "2.2.0"
}