{
    "asset": {
        "format": "jpg",
        "id": "136c7ac48590e9e52d2dce28c35afe58",
        "name": "desk_025.jpg",
        "path": "file:C:/Users/ryanm/OneDrive/Desktop/CKRmodel/imgs/desk_025.jpg",
        "size": {
            "width": 224,
            "height": 224
        },
        "state": 2,
        "type": 1
    },
    "regions": [
        {
            "id": "w85H6fuBp",
            "type": "RECTANGLE",
            "tags": [
                "desks"
            ],
            "boundingBox": {
                "height": 190.86975623124482,
                "width": 207.4348710420116,
                "left": 1.5452614083195364,
                "top": 11.620309993920737
            },
            "points": [
                {
                    "x": 1.5452614083195364,
                    "y": 11.620309993920737
                },
                {
                    "x": 208.98013245033113,
                    "y": 11.620309993920737
                },
                {
                    "x": 208.98013245033113,
                    "y": 202.49006622516558
                },
                {
                    "x": 1.5452614083195364,
                    "y": 202.49006622516558
                }
            ]
        }
    ],
    "version": "2.2.0"
}