{
    "asset": {
        "format": "jpg",
        "id": "136ef26aed3401c5950cb997037e4616",
        "name": "desk_062.jpg",
        "path": "file:C:/Users/ryanm/OneDrive/Desktop/CKRmodel/imgs/desk_062.jpg",
        "size": {
            "width": 224,
            "height": 224
        },
        "state": 2,
        "type": 1
    },
    "regions": [
        {
            "id": "j3rmdya53",
            "type": "RECTANGLE",
            "tags": [
                "desks"
            ],
            "boundingBox": {
                "height": 141.42164864445365,
                "width": 101.86314220302152,
                "left": 21.5717514745447,
                "top": 75.65562913907284
            },
            "points": [
                {
                    "x": 21.5717514745447,
                    "y": 75.65562913907284
                },
                {
                    "x": 123.43489367756622,
                    "y": 75.65562913907284
                },
                {
                    "x": 123.43489367756622,
                    "y": 217.07727778352648
                },
                {
                    "x": 21.5717514745447,
                    "y": 217.07727778352648
                }
            ]
        },
        {
            "id": "FSxLJvvHq",
            "type": "RECTANGLE",
            "tags": [
                "desks"
            ],
            "boundingBox": {
                "height": 89.74834437086093,
                "width": 48.45914605753311,
                "left": 173.1302579159768,
                "top": 47.22296182998758
            },
            "points": [
                {
                    "x": 173.1302579159768,
                    "y": 47.22296182998758
                },
                {
                    "x": 221.58940397350995,
                    "y": 47.22296182998758
                },
                {
                    "x": 221.58940397350995,
                    "y": 136.97130620084852
                },
                {
                    "x": 173.1302579159768,
                    "y": 136.97130620084852
                }
            ]
        }
    ],
    "version": "2.2.0"
}