{
    "asset": {
        "format": "jpg",
        "id": "16be6f3941d84709910d9b9eb75cb799",
        "name": "desk_161.jpg",
        "path": "file:C:/Users/ryanm/OneDrive/Desktop/CKRmodel/imgs/desk_161.jpg",
        "size": {
            "width": 224,
            "height": 224
        },
        "state": 2,
        "type": 1
    },
    "regions": [
        {
            "id": "mL2nAA0WB",
            "type": "RECTANGLE",
            "tags": [
                "desks"
            ],
            "boundingBox": {
                "height": 53.6512216732202,
                "width": 117.6865493067053,
                "left": 93.27152317880795,
                "top": 138.20751306394868
            },
            "points": [
                {
                    "x": 93.27152317880795,
                    "y": 138.20751306394868
                },
                {
                    "x": 210.95807248551324,
                    "y": 138.20751306394868
                },
                {
                    "x": 210.95807248551324,
                    "y": 191.85873473716887
                },
                {
                    "x": 93.27152317880795,
                    "y": 191.85873473716887
                }
            ]
        }
    ],
    "version": "2.2.0"
}