{
    "asset": {
        "format": "jpg",
        "id": "199d415f9bebd7382b42ef02d657120c",
        "name": "desk_057.jpg",
        "path": "file:C:/Users/ryanm/OneDrive/Desktop/CKRmodel/imgs/desk_057.jpg",
        "size": {
            "width": 224,
            "height": 224
        },
        "state": 2,
        "type": 1
    },
    "regions": [
        {
            "id": "GN5WKU_bl",
            "type": "RECTANGLE",
            "tags": [
                "desks"
            ],
            "boundingBox": {
                "height": 114.96688741721854,
                "width": 108.47682119205298,
                "left": 89.56291390728477,
                "top": 17.801324503311257
            },
            "points": [
                {
                    "x": 89.56291390728477,
                    "y": 17.801324503311257
                },
                {
                    "x": 198.03973509933775,
                    "y": 17.801324503311257
                },
                {
                    "x": 198.03973509933775,
                    "y": 132.7682119205298
                },
                {
                    "x": 89.56291390728477,
                    "y": 132.7682119205298
                }
            ]
        },
        {
            "id": "FKGEik0QS",
            "type": "RECTANGLE",
            "tags": [
                "desks"
            ],
            "boundingBox": {
                "height": 185.92494292606582,
                "width": 185.18322673064984,
                "left": 5.501107525351821,
                "top": 35.84989151102028
            },
            "points": [
                {
                    "x": 5.501107525351821,
                    "y": 35.84989151102028
                },
                {
                    "x": 190.68433425600165,
                    "y": 35.84989151102028
                },
                {
                    "x": 190.68433425600165,
                    "y": 221.7748344370861
                },
                {
                    "x": 5.501107525351821,
                    "y": 221.7748344370861
                }
            ]
        }
    ],
    "version": "2.2.0"
}