{
    "asset": {
        "format": "jpg",
        "id": "1f06127d18b9b8933cb5a720f49f3b61",
        "name": "desk_199.jpg",
        "path": "file:C:/Users/ryanm/OneDrive/Desktop/CKRmodel/imgs/desk_199.jpg",
        "size": {
            "width": 224,
            "height": 224
        },
        "state": 2,
        "type": 1
    },
    "regions": [
        {
            "id": "RWSOK3TcV",
            "type": "RECTANGLE",
            "tags": [
                "desks"
            ],
            "boundingBox": {
                "height": 152.5474594823572,
                "width": 159.7174468387831,
                "left": 42.83443708609271,
                "top": 59.584990848768626
            },
            "points": [
                {
                    "x": 42.83443708609271,
                    "y": 59.584990848768626
                },
                {
                    "x": 202.55188392487582,
                    "y": 59.584990848768626
                },
                {
                    "x": 202.55188392487582,
                    "y": 212.13245033112582
                },
                {
                    "x": 42.83443708609271,
                    "y": 212.13245033112582
                }
            ]
        }
    ],
    "version": "2.2.0"
}