{
    "asset": {
        "format": "jpg",
        "id": "21a29c14cd420bd74bbd0ca0fe411d80",
        "name": "desk_073.jpg",
        "path": "file:C:/Users/ryanm/OneDrive/Desktop/CKRmodel/imgs/desk_073.jpg",
        "size": {
            "width": 224,
            "height": 224
        },
        "state": 2,
        "type": 1
    },
    "regions": [
        {
            "id": "2d0NS4Ysz",
            "type": "RECTANGLE",
            "tags": [
                "desks"
            ],
            "boundingBox": {
                "height": 219.3024348581074,
                "width": 219.48785117446192,
                "left": 4.5121488255380795,
                "top": 0.4944821793512003
            },
            "points": [
                {
                    "x": 4.5121488255380795,
                    "y": 0.4944821793512003
                },
                {
                    "x": 224,
                    "y": 0.4944821793512003
                },
                {
                    "x": 224,
                    "y": 219.79691703745863
                },
                {
                    "x": 4.5121488255380795,
                    "y": 219.79691703745863
                }
            ]
        }
    ],
    "version": "2.2.0"
}