{
    "asset": {
        "format": "jpg",
        "id": "2208c033d0c8b5494ba96bee35a1297e",
        "name": "desk_196.jpg",
        "path": "file:C:/Users/ryanm/OneDrive/Desktop/CKRmodel/imgs/desk_196.jpg",
        "size": {
            "width": 224,
            "height": 224
        },
        "state": 2,
        "type": 1
    },
    "regions": [
        {
            "id": "qHAM2WNWl",
            "type": "RECTANGLE",
            "tags": [
                "desks"
            ],
            "boundingBox": {
                "height": 54.145695364238414,
                "width": 98.64901794029387,
                "left": 68.54746514124587,
                "top": 163.4260561103063
            },
            "points": [
                {
                    "x": 68.54746514124587,
                    "y": 163.4260561103063
                },
                {
                    "x": 167.19648308153972,
                    "y": 163.4260561103063
                },
                {
                    "x": 167.19648308153972,
                    "y": 217.5717514745447
                },
                {
                    "x": 68.54746514124587,
                    "y": 217.5717514745447
                }
            ]
        },
        {
            "id": "aRHrSCg47",
            "type": "RECTANGLE",
            "tags": [
                "desks"
            ],
            "boundingBox": {
                "height": 34.8609384700952,
                "width": 71.69977170426324,
                "left": 132.83002962024005,
                "top": 144.38852474389486
            },
            "points": [
                {
                    "x": 132.83002962024005,
                    "y": 144.38852474389486
                },
                {
                    "x": 204.52980132450332,
                    "y": 144.38852474389486
                },
                {
                    "x": 204.52980132450332,
                    "y": 179.24946321399008
                },
                {
                    "x": 132.83002962024005,
                    "y": 179.24946321399008
                }
            ]
        }
    ],
    "version": "2.2.0"
}