{
    "asset": {
        "format": "jpg",
        "id": "24634c6c9e902b288c9e293b76662d19",
        "name": "desk_040.jpg",
        "path": "file:C:/Users/ryanm/OneDrive/Desktop/CKRmodel/imgs/desk_040.jpg",
        "size": {
            "width": 224,
            "height": 224
        },
        "state": 2,
        "type": 1
    },
    "regions": [
        {
            "id": "NQHqrgtAb",
            "type": "RECTANGLE",
            "tags": [
                "desks"
            ],
            "boundingBox": {
                "height": 145.87197977028146,
                "width": 208.17659289631624,
                "left": 5.9955925341473515,
                "top": 34.11920529801325
            },
            "points": [
                {
                    "x": 5.9955925341473515,
                    "y": 34.11920529801325
                },
                {
                    "x": 214.17218543046357,
                    "y": 34.11920529801325
                },
                {
                    "x": 214.17218543046357,
                    "y": 179.9911850682947
                },
                {
                    "x": 5.9955925341473515,
                    "y": 179.9911850682947
                }
            ]
        }
    ],
    "version": "2.2.0"
}