{
    "asset": {
        "format": "jpg",
        "id": "248321a92987bdb18450b3954b0583e0",
        "name": "desk_059.jpg",
        "path": "file:C:/Users/ryanm/OneDrive/Desktop/CKRmodel/imgs/desk_059.jpg",
        "size": {
            "width": 224,
            "height": 224
        },
        "state": 2,
        "type": 1
    },
    "regions": [
        {
            "id": "so2GH8iCZ",
            "type": "RECTANGLE",
            "tags": [
                "desks"
            ],
            "boundingBox": {
                "height": 146.86092715231788,
                "width": 153.04193883226407,
                "left": 27.752763154490893,
                "top": 74.91390728476821
            },
            "points": [
                {
                    "x": 27.752763154490893,
                    "y": 74.91390728476821
                },
                {
                    "x": 180.79470198675497,
                    "y": 74.91390728476821
                },
                {
                    "x": 180.79470198675497,
                    "y": 221.7748344370861
                },
                {
                    "x": 27.752763154490893,
                    "y": 221.7748344370861
                }
            ]
        }
    ],
    "version": "2.2.0"
}