{
    "asset": {
        "format": "jpg",
        "id": "2605d3dc13f31383f5ac2e34c30da930",
        "name": "desk_090.jpg",
        "path": "file:C:/Users/ryanm/OneDrive/Desktop/CKRmodel/imgs/desk_090.jpg",
        "size": {
            "width": 224,
            "height": 224
        },
        "state": 2,
        "type": 1
    },
    "regions": [
        {
            "id": "f0D7hsK8R",
            "type": "RECTANGLE",
            "tags": [
                "desks"
            ],
            "boundingBox": {
                "height": 62.30464142047806,
                "width": 182.95807248551324,
                "left": 22.066225165562916,
                "top": 18.048567007709025
            },
            "points": [
                {
                    "x": 22.066225165562916,
                    "y": 18.048567007709025
                },
                {
                    "x": 205.02429765107615,
                    "y": 18.048567007709025
                },
                {
                    "x": 205.02429765107615,
                    "y": 80.35320842818709
                },
                {
                    "x": 22.066225165562916,
                    "y": 80.35320842818709
                }
            ]
        },
        {
            "id": "-KtFgz_o_",
            "type": "RECTANGLE",
            "tags": [
                "desks"
            ],
            "boundingBox": {
                "height": 209.16556857279593,
                "width": 194.8256108366101,
                "left": 12.918326068398178,
                "top": 8.406182901748759
            },
            "points": [
                {
                    "x": 12.918326068398178,
                    "y": 8.406182901748759
                },
                {
                    "x": 207.74393690500827,
                    "y": 8.406182901748759
                },
                {
                    "x": 207.74393690500827,
                    "y": 217.5717514745447
                },
                {
                    "x": 12.918326068398178,
                    "y": 217.5717514745447
                }
            ]
        }
    ],
    "version": "2.2.0"
}