{
    "asset": {
        "format": "jpg",
        "id": "262f5f9d1d7122a0aafcf255f01af7d6",
        "name": "desk_108.jpg",
        "path": "file:C:/Users/ryanm/OneDrive/Desktop/CKRmodel/imgs/desk_108.jpg",
        "size": {
            "width": 224,
            "height": 224
        },
        "state": 2,
        "type": 1
    },
    "regions": [
        {
            "id": "fKIYw9FOM",
            "type": "RECTANGLE",
            "tags": [
                "desks"
            ],
            "boundingBox": {
                "height": 83.32009584540563,
                "width": 59.09050018108444,
                "left": 30.472413726200333,
                "top": 126.3399633950745
            },
            "points": [
                {
                    "x": 30.472413726200333,
                    "y": 126.3399633950745
                },
                {
                    "x": 89.56291390728477,
                    "y": 126.3399633950745
                },
                {
                    "x": 89.56291390728477,
                    "y": 209.66005924048014
                },
                {
                    "x": 30.472413726200333,
                    "y": 209.66005924048014
                }
            ]
        },
        {
            "id": "pC_p0AR5j",
            "type": "RECTANGLE",
            "tags": [
                "desks"
            ],
            "boundingBox": {
                "height": 64.52980132450331,
                "width": 71.45252354097683,
                "left": 98.21635063120861,
                "top": 152.30022829573676
            },
            "points": [
                {
                    "x": 98.21635063120861,
                    "y": 152.30022829573676
                },
                {
                    "x": 169.66887417218544,
                    "y": 152.30022829573676
                },
                {
                    "x": 169.66887417218544,
                    "y": 216.83002962024008
                },
                {
                    "x": 98.21635063120861,
                    "y": 216.83002962024008
                }
            ]
        }
    ],
    "version": "2.2.0"
}