{
    "asset": {
        "format": "jpg",
        "id": "2927e8b981aac6d68e600093e36e62dc",
        "name": "desk_149.jpg",
        "path": "file:C:/Users/ryanm/OneDrive/Desktop/CKRmodel/imgs/desk_149.jpg",
        "size": {
            "width": 224,
            "height": 224
        },
        "state": 2,
        "type": 1
    },
    "regions": [
        {
            "id": "CR5XJh9pT",
            "type": "RECTANGLE",
            "tags": [
                "desks"
            ],
            "boundingBox": {
                "height": 195.56732703202607,
                "width": 152.54746514124585,
                "left": 47.77925322071606,
                "top": 26.207507405060017
            },
            "points": [
                {
                    "x": 47.77925322071606,
                    "y": 26.207507405060017
                },
                {
                    "x": 200.32671836196192,
                    "y": 26.207507405060017
                },
                {
                    "x": 200.32671836196192,
                    "y": 221.7748344370861
                },
                {
                    "x": 47.77925322071606,
                    "y": 221.7748344370861
                }
            ]
        }
    ],
    "version": "2.2.0"
}