{
    "asset": {
        "format": "jpg",
        "id": "2a1c13b178bb86e230c71d8c8484df1e",
        "name": "desk_080.jpg",
        "path": "file:C:/Users/ryanm/OneDrive/Desktop/CKRmodel/imgs/desk_080.jpg",
        "size": {
            "width": 224,
            "height": 224
        },
        "state": 2,
        "type": 1
    },
    "regions": [
        {
            "id": "1CGmmTv8M",
            "type": "RECTANGLE",
            "tags": [
                "desks"
            ],
            "boundingBox": {
                "height": 196.06181769971028,
                "width": 163.4260561103063,
                "left": 22.313473328849337,
                "top": 8.158940397350994
            },
            "points": [
                {
                    "x": 22.313473328849337,
                    "y": 8.158940397350994
                },
                {
                    "x": 185.73952943915563,
                    "y": 8.158940397350994
                },
                {
                    "x": 185.73952943915563,
                    "y": 204.22075809706126
                },
                {
                    "x": 22.313473328849337,
                    "y": 204.22075809706126
                }
            ]
        }
    ],
    "version": "2.2.0"
}