{
    "asset": {
        "format": "jpg",
        "id": "2b0042796c109ff93f3e6a1468af05fe",
        "name": "desk_016.jpg",
        "path": "file:C:/Users/ryanm/OneDrive/Desktop/CKRmodel/imgs/desk_016.jpg",
        "size": {
            "width": 224,
            "height": 224
        },
        "state": 2,
        "type": 1
    },
    "regions": [
        {
            "id": "TiNOzr6mo",
            "type": "RECTANGLE",
            "tags": [
                "desks"
            ],
            "boundingBox": {
                "height": 223.5836431226766,
                "width": 175.42502250813197,
                "left": 22.760851097815987,
                "top": 0.4163568773234201
            },
            "points": [
                {
                    "x": 22.760851097815987,
                    "y": 0.4163568773234201
                },
                {
                    "x": 198.18587360594796,
                    "y": 0.4163568773234201
                },
                {
                    "x": 198.18587360594796,
                    "y": 224
                },
                {
                    "x": 22.760851097815987,
                    "y": 224
                }
            ]
        }
    ],
    "version": "2.2.0"
}