{
    "asset": {
        "format": "jpg",
        "id": "2c7f0663e21cdf87ea048c192a18e555",
        "name": "desk_103.jpg",
        "path": "file:C:/Users/ryanm/OneDrive/Desktop/CKRmodel/imgs/desk_103.jpg",
        "size": {
            "width": 224,
            "height": 224
        },
        "state": 2,
        "type": 1
    },
    "regions": [
        {
            "id": "Ij_KaHzpq",
            "type": "RECTANGLE",
            "tags": [
                "desks"
            ],
            "boundingBox": {
                "height": 169.1125884403456,
                "width": 205.2097054790977,
                "left": 10.445923659975167,
                "top": 27.69095111366929
            },
            "points": [
                {
                    "x": 10.445923659975167,
                    "y": 27.69095111366929
                },
                {
                    "x": 215.65562913907286,
                    "y": 27.69095111366929
                },
                {
                    "x": 215.65562913907286,
                    "y": 196.80353955401492
                },
                {
                    "x": 10.445923659975167,
                    "y": 196.80353955401492
                }
            ]
        }
    ],
    "version": "2.2.0"
}