{
    "asset": {
        "format": "jpg",
        "id": "2fa6773296b30d4e13a48b37ff046dcb",
        "name": "desk_068.jpg",
        "path": "file:C:/Users/ryanm/OneDrive/Desktop/CKRmodel/imgs/desk_068.jpg",
        "size": {
            "width": 224,
            "height": 224
        },
        "state": 2,
        "type": 1
    },
    "regions": [
        {
            "id": "j1Od5wSdx",
            "type": "RECTANGLE",
            "tags": [
                "desks"
            ],
            "boundingBox": {
                "height": 62.05741023385762,
                "width": 84.55629139072848,
                "left": 126.40178109478477,
                "top": 160.95364238410596
            },
            "points": [
                {
                    "x": 126.40178109478477,
                    "y": 160.95364238410596
                },
                {
                    "x": 210.95807248551324,
                    "y": 160.95364238410596
                },
                {
                    "x": 210.95807248551324,
                    "y": 223.01105261796357
                },
                {
                    "x": 126.40178109478477,
                    "y": 223.01105261796357
                }
            ]
        },
        {
            "id": "7rlnEzmXJ",
            "type": "RECTANGLE",
            "tags": [
                "desks"
            ],
            "boundingBox": {
                "height": 68.73289560482202,
                "width": 61.562913907284766,
                "left": 80.90949981891556,
                "top": 145.87196845250415
            },
            "points": [
                {
                    "x": 80.90949981891556,
                    "y": 145.87196845250415
                },
                {
                    "x": 142.47241372620033,
                    "y": 145.87196845250415
                },
                {
                    "x": 142.47241372620033,
                    "y": 214.60486405732615
                },
                {
                    "x": 80.90949981891556,
                    "y": 214.60486405732615
                }
            ]
        }
    ],
    "version": "2.2.0"
}