{
    "asset": {
        "format": "jpg",
        "id": "30030f28ef0fef1689fdb59053e562dc",
        "name": "desk_123.jpg",
        "path": "file:C:/Users/ryanm/OneDrive/Desktop/CKRmodel/imgs/desk_123.jpg",
        "size": {
            "width": 224,
            "height": 224
        },
        "state": 2,
        "type": 1
    },
    "regions": [
        {
            "id": "vYkvhCNFZ",
            "type": "RECTANGLE",
            "tags": [
                "desks"
            ],
            "boundingBox": {
                "height": 123.12582781456953,
                "width": 119.60264900662251,
                "left": 104.39735099337749,
                "top": 78.12804286527319
            },
            "points": [
                {
                    "x": 104.39735099337749,
                    "y": 78.12804286527319
                },
                {
                    "x": 224,
                    "y": 78.12804286527319
                },
                {
                    "x": 224,
                    "y": 201.25387067984272
                },
                {
                    "x": 104.39735099337749,
                    "y": 201.25387067984272
                }
            ]
        },
        {
            "id": "1TT5B8zS9",
            "type": "RECTANGLE",
            "tags": [
                "desks"
            ],
            "boundingBox": {
                "height": 116.20308862143006,
                "width": 84.30905454521937,
                "left": 19.5938227571399,
                "top": 29.916116676583197
            },
            "points": [
                {
                    "x": 19.5938227571399,
                    "y": 29.916116676583197
                },
                {
                    "x": 103.90287730235927,
                    "y": 29.916116676583197
                },
                {
                    "x": 103.90287730235927,
                    "y": 146.11920529801324
                },
                {
                    "x": 19.5938227571399,
                    "y": 146.11920529801324
                }
            ]
        }
    ],
    "version": "2.2.0"
}