{
    "asset": {
        "format": "jpg",
        "id": "31c05a4b9bd19a8e129dc8640d80ddb2",
        "name": "desk_008.jpg",
        "path": "file:C:/Users/ryanm/OneDrive/Desktop/CKRmodel/imgs/desk_008.jpg",
        "size": {
            "width": 224,
            "height": 224
        },
        "state": 2,
        "type": 1
    },
    "regions": [
        {
            "id": "K3irh-YvK",
            "type": "RECTANGLE",
            "tags": [
                "desks"
            ],
            "boundingBox": {
                "height": 217.06071024047398,
                "width": 215.9504421758829,
                "left": 4.441148495585502,
                "top": 3.608434740938662
            },
            "points": [
                {
                    "x": 4.441148495585502,
                    "y": 3.608434740938662
                },
                {
                    "x": 220.3915906714684,
                    "y": 3.608434740938662
                },
                {
                    "x": 220.3915906714684,
                    "y": 220.66914498141264
                },
                {
                    "x": 4.441148495585502,
                    "y": 220.66914498141264
                }
            ]
        }
    ],
    "version": "2.2.0"
}