{
    "asset": {
        "format": "jpg",
        "id": "32a5afec88b625ef6fc3384a5e6d1b76",
        "name": "desk_189.jpg",
        "path": "file:C:/Users/ryanm/OneDrive/Desktop/CKRmodel/imgs/desk_189.jpg",
        "size": {
            "width": 224,
            "height": 224
        },
        "state": 2,
        "type": 1
    },
    "regions": [
        {
            "id": "mnEmxm5JY",
            "type": "RECTANGLE",
            "tags": [
                "desks"
            ],
            "boundingBox": {
                "height": 45.98675496688742,
                "width": 98.40175845923014,
                "left": 29.730691871895697,
                "top": 167.13466538182948
            },
            "points": [
                {
                    "x": 29.730691871895697,
                    "y": 167.13466538182948
                },
                {
                    "x": 128.13245033112582,
                    "y": 167.13466538182948
                },
                {
                    "x": 128.13245033112582,
                    "y": 213.1214203487169
                },
                {
                    "x": 29.730691871895697,
                    "y": 213.1214203487169
                }
            ]
        }
    ],
    "version": "2.2.0"
}