{
    "asset": {
        "format": "jpg",
        "id": "340cc6250072b9deb042edb0a99b525f",
        "name": "desk_152.jpg",
        "path": "file:C:/Users/ryanm/OneDrive/Desktop/CKRmodel/imgs/desk_152.jpg",
        "size": {
            "width": 224,
            "height": 224
        },
        "state": 2,
        "type": 1
    },
    "regions": [
        {
            "id": "thRh1e4oN",
            "type": "RECTANGLE",
            "tags": [
                "desks"
            ],
            "boundingBox": {
                "height": 134.2516669469164,
                "width": 104.83002962024007,
                "left": 64.59161902421357,
                "top": 84.30905454521937
            },
            "points": [
                {
                    "x": 64.59161902421357,
                    "y": 84.30905454521937
                },
                {
                    "x": 169.42164864445365,
                    "y": 84.30905454521937
                },
                {
                    "x": 169.42164864445365,
                    "y": 218.56072149213577
                },
                {
                    "x": 64.59161902421357,
                    "y": 218.56072149213577
                }
            ]
        },
        {
            "id": "_D-4nEWB2",
            "type": "RECTANGLE",
            "tags": [
                "desks"
            ],
            "boundingBox": {
                "height": 45.98676062577608,
                "width": 82.82559951883279,
                "left": 122.6931718232616,
                "top": 59.584990848768626
            },
            "points": [
                {
                    "x": 122.6931718232616,
                    "y": 59.584990848768626
                },
                {
                    "x": 205.51877134209437,
                    "y": 59.584990848768626
                },
                {
                    "x": 205.51877134209437,
                    "y": 105.5717514745447
                },
                {
                    "x": 122.6931718232616,
                    "y": 105.5717514745447
                }
            ]
        },
        {
            "id": "e-cC9_9EZ",
            "type": "RECTANGLE",
            "tags": [
                "desks"
            ],
            "boundingBox": {
                "height": 102.11037904853063,
                "width": 98.64901794029387,
                "left": 4.759385671047186,
                "top": 109.52759759157699
            },
            "points": [
                {
                    "x": 4.759385671047186,
                    "y": 109.52759759157699
                },
                {
                    "x": 103.40840361134106,
                    "y": 109.52759759157699
                },
                {
                    "x": 103.40840361134106,
                    "y": 211.6379766401076
                },
                {
                    "x": 4.759385671047186,
                    "y": 211.6379766401076
                }
            ]
        }
    ],
    "version": "2.2.0"
}