{
    "asset": {
        "format": "jpg",
        "id": "34585dde95ad06574e289f5e6711683e",
        "name": "desk_184.jpg",
        "path": "file:C:/Users/ryanm/OneDrive/Desktop/CKRmodel/imgs/desk_184.jpg",
        "size": {
            "width": 224,
            "height": 224
        },
        "state": 2,
        "type": 1
    },
    "regions": [
        {
            "id": "XXxyraqN8",
            "type": "RECTANGLE",
            "tags": [
                "desks"
            ],
            "boundingBox": {
                "height": 63.04635761589404,
                "width": 80.10597158267798,
                "left": 29.236206863100165,
                "top": 123.37307597785596
            },
            "points": [
                {
                    "x": 29.236206863100165,
                    "y": 123.37307597785596
                },
                {
                    "x": 109.34217844577815,
                    "y": 123.37307597785596
                },
                {
                    "x": 109.34217844577815,
                    "y": 186.41943359375
                },
                {
                    "x": 29.236206863100165,
                    "y": 186.41943359375
                }
            ]
        },
        {
            "id": "3NS0oWgre",
            "type": "RECTANGLE",
            "tags": [
                "desks"
            ],
            "boundingBox": {
                "height": 60.57395520747103,
                "width": 55.629139072847686,
                "left": 126.64900662251655,
                "top": 154.03090884985514
            },
            "points": [
                {
                    "x": 126.64900662251655,
                    "y": 154.03090884985514
                },
                {
                    "x": 182.27814569536423,
                    "y": 154.03090884985514
                },
                {
                    "x": 182.27814569536423,
                    "y": 214.60486405732615
                },
                {
                    "x": 126.64900662251655,
                    "y": 214.60486405732615
                }
            ]
        }
    ],
    "version": "2.2.0"
}