{
    "asset": {
        "format": "jpg",
        "id": "368f707d1b17980279968eafcba93568",
        "name": "desk_005.jpg",
        "path": "file:C:/Users/ryanm/OneDrive/Desktop/CKRmodel/imgs/desk_005.jpg",
        "size": {
            "width": 224,
            "height": 224
        },
        "state": 2,
        "type": 1
    },
    "regions": [
        {
            "id": "oTUZgmCPi",
            "type": "RECTANGLE",
            "tags": [
                "desks"
            ],
            "boundingBox": {
                "height": 212.61956174488847,
                "width": 212.61958715729554,
                "left": 7.772003514172862,
                "top": 3.0533007086431225
            },
            "points": [
                {
                    "x": 7.772003514172862,
                    "y": 3.0533007086431225
                },
                {
                    "x": 220.3915906714684,
                    "y": 3.0533007086431225
                },
                {
                    "x": 220.3915906714684,
                    "y": 215.6728624535316
                },
                {
                    "x": 7.772003514172862,
                    "y": 215.6728624535316
                }
            ]
        }
    ],
    "version": "2.2.0"
}