{
    "asset": {
        "format": "jpg",
        "id": "3a0dfdb87127431e2f6344e03741a603",
        "name": "desk_006.jpg",
        "path": "file:C:/Users/ryanm/OneDrive/Desktop/CKRmodel/imgs/desk_006.jpg",
        "size": {
            "width": 224,
            "height": 224
        },
        "state": 2,
        "type": 1
    },
    "regions": [
        {
            "id": "qa_NxZFR4",
            "type": "RECTANGLE",
            "tags": [
                "desks"
            ],
            "boundingBox": {
                "height": 218.72616316217471,
                "width": 209.28873213870818,
                "left": 7.772003514172862,
                "top": 2.4981412639405205
            },
            "points": [
                {
                    "x": 7.772003514172862,
                    "y": 2.4981412639405205
                },
                {
                    "x": 217.06073565288105,
                    "y": 2.4981412639405205
                },
                {
                    "x": 217.06073565288105,
                    "y": 221.22430442611525
                },
                {
                    "x": 7.772003514172862,
                    "y": 221.22430442611525
                }
            ]
        }
    ],
    "version": "2.2.0"
}