{
    "asset": {
        "format": "jpg",
        "id": "3d19b9a62cff2691bc0460b865224f5b",
        "name": "desk_134.jpg",
        "path": "file:C:/Users/ryanm/OneDrive/Desktop/CKRmodel/imgs/desk_134.jpg",
        "size": {
            "width": 224,
            "height": 224
        },
        "state": 2,
        "type": 1
    },
    "regions": [
        {
            "id": "1_kxU3Pa8",
            "type": "RECTANGLE",
            "tags": [
                "desks"
            ],
            "boundingBox": {
                "height": 72.6887417218543,
                "width": 59.83222203538907,
                "left": 142.71966188948676,
                "top": 146.86092715231788
            },
            "points": [
                {
                    "x": 142.71966188948676,
                    "y": 146.86092715231788
                },
                {
                    "x": 202.55188392487582,
                    "y": 146.86092715231788
                },
                {
                    "x": 202.55188392487582,
                    "y": 219.5496688741722
                },
                {
                    "x": 142.71966188948676,
                    "y": 219.5496688741722
                }
            ]
        },
        {
            "id": "MNk01iDXf",
            "type": "RECTANGLE",
            "tags": [
                "desks"
            ],
            "boundingBox": {
                "height": 41.041950150041394,
                "width": 44.503311258278146,
                "left": 84.37086092715232,
                "top": 130.5430463576159
            },
            "points": [
                {
                    "x": 84.37086092715232,
                    "y": 130.5430463576159
                },
                {
                    "x": 128.87417218543047,
                    "y": 130.5430463576159
                },
                {
                    "x": 128.87417218543047,
                    "y": 171.58499650765728
                },
                {
                    "x": 84.37086092715232,
                    "y": 171.58499650765728
                }
            ]
        },
        {
            "id": "6x04EmAOy",
            "type": "RECTANGLE",
            "tags": [
                "desks"
            ],
            "boundingBox": {
                "height": 40.794701986754966,
                "width": 56.61809777266142,
                "left": 8.467994942570364,
                "top": 145.62473160699503
            },
            "points": [
                {
                    "x": 8.467994942570364,
                    "y": 145.62473160699503
                },
                {
                    "x": 65.08609271523179,
                    "y": 145.62473160699503
                },
                {
                    "x": 65.08609271523179,
                    "y": 186.41943359375
                },
                {
                    "x": 8.467994942570364,
                    "y": 186.41943359375
                }
            ]
        }
    ],
    "version": "2.2.0"
}