{
    "asset": {
        "format": "jpg",
        "id": "409395764290c40aa9e4899943acf3cc",
        "name": "desk_133.jpg",
        "path": "file:C:/Users/ryanm/OneDrive/Desktop/CKRmodel/imgs/desk_133.jpg",
        "size": {
            "width": 224,
            "height": 224
        },
        "state": 2,
        "type": 1
    },
    "regions": [
        {
            "id": "-qXK4z7pl",
            "type": "RECTANGLE",
            "tags": [
                "desks"
            ],
            "boundingBox": {
                "height": 113.23619554532284,
                "width": 123.12582781456953,
                "left": 91.78807947019868,
                "top": 92.96247995136589
            },
            "points": [
                {
                    "x": 91.78807947019868,
                    "y": 92.96247995136589
                },
                {
                    "x": 214.91390728476821,
                    "y": 92.96247995136589
                },
                {
                    "x": 214.91390728476821,
                    "y": 206.19867549668874
                },
                {
                    "x": 91.78807947019868,
                    "y": 206.19867549668874
                }
            ]
        }
    ],
    "version": "2.2.0"
}