{
    "asset": {
        "format": "jpg",
        "id": "40db1decc91a2a43cf2c4130a6ec48c9",
        "name": "desk_088.jpg",
        "path": "file:C:/Users/ryanm/OneDrive/Desktop/CKRmodel/imgs/desk_088.jpg",
        "size": {
            "width": 224,
            "height": 224
        },
        "state": 2,
        "type": 1
    },
    "regions": [
        {
            "id": "o_Cp-vvv5",
            "type": "RECTANGLE",
            "tags": [
                "desks"
            ],
            "boundingBox": {
                "height": 41.5364238410596,
                "width": 219.73509933774835,
                "left": 4.264900662251656,
                "top": 42.03090884985513
            },
            "points": [
                {
                    "x": 4.264900662251656,
                    "y": 42.03090884985513
                },
                {
                    "x": 224,
                    "y": 42.03090884985513
                },
                {
                    "x": 224,
                    "y": 83.56733269091474
                },
                {
                    "x": 4.264900662251656,
                    "y": 83.56733269091474
                }
            ]
        },
        {
            "id": "_ZrqmCnHj",
            "type": "RECTANGLE",
            "tags": [
                "desks"
            ],
            "boundingBox": {
                "height": 162.68433991489033,
                "width": 221.2185430463576,
                "left": 2.781456953642384,
                "top": 26.949229259364653
            },
            "points": [
                {
                    "x": 2.781456953642384,
                    "y": 26.949229259364653
                },
                {
                    "x": 224,
                    "y": 26.949229259364653
                },
                {
                    "x": 224,
                    "y": 189.63356917425497
                },
                {
                    "x": 2.781456953642384,
                    "y": 189.63356917425497
                }
            ]
        }
    ],
    "version": "2.2.0"
}