{
    "asset": {
        "format": "jpg",
        "id": "42371fe35d9bf08c90aeafa4d39f7eda",
        "name": "desk_143.jpg",
        "path": "file:C:/Users/ryanm/OneDrive/Desktop/CKRmodel/imgs/desk_143.jpg",
        "size": {
            "width": 224,
            "height": 224
        },
        "state": 2,
        "type": 1
    },
    "regions": [
        {
            "id": "HfMnUGUyD",
            "type": "RECTANGLE",
            "tags": [
                "desks"
            ],
            "boundingBox": {
                "height": 79.36423841059603,
                "width": 98.15453293149835,
                "left": 112.55629139072848,
                "top": 89.25387067984272
            },
            "points": [
                {
                    "x": 112.55629139072848,
                    "y": 89.25387067984272
                },
                {
                    "x": 210.7108243222268,
                    "y": 89.25387067984272
                },
                {
                    "x": 210.7108243222268,
                    "y": 168.61810909043874
                },
                {
                    "x": 112.55629139072848,
                    "y": 168.61810909043874
                }
            ]
        },
        {
            "id": "taKk48UtZ",
            "type": "RECTANGLE",
            "tags": [
                "desks"
            ],
            "boundingBox": {
                "height": 35.108175315604306,
                "width": 69.22736929584023,
                "left": 43.32892209488825,
                "top": 87.52317880794702
            },
            "points": [
                {
                    "x": 43.32892209488825,
                    "y": 87.52317880794702
                },
                {
                    "x": 112.55629139072848,
                    "y": 87.52317880794702
                },
                {
                    "x": 112.55629139072848,
                    "y": 122.63135412355133
                },
                {
                    "x": 43.32892209488825,
                    "y": 122.63135412355133
                }
            ]
        }
    ],
    "version": "2.2.0"
}