{
    "asset": {
        "format": "jpg",
        "id": "4565e3bf3a978c1c71bd6f5ae723576c",
        "name": "desk_012.jpg",
        "path": "file:C:/Users/ryanm/OneDrive/Desktop/CKRmodel/imgs/desk_012.jpg",
        "size": {
            "width": 224,
            "height": 224
        },
        "state": 2,
        "type": 1
    },
    "regions": [
        {
            "id": "72UAexMnt",
            "type": "RECTANGLE",
            "tags": [
                "desks"
            ],
            "boundingBox": {
                "height": 219.83645663917287,
                "width": 205.40273038162175,
                "left": 15.543994322142193,
                "top": 1.5266503543215613
            },
            "points": [
                {
                    "x": 15.543994322142193,
                    "y": 1.5266503543215613
                },
                {
                    "x": 220.94672470376395,
                    "y": 1.5266503543215613
                },
                {
                    "x": 220.94672470376395,
                    "y": 221.36310699349443
                },
                {
                    "x": 15.543994322142193,
                    "y": 221.36310699349443
                }
            ]
        }
    ],
    "version": "2.2.0"
}