{
    "asset": {
        "format": "jpg",
        "id": "484a4bc65655d228dfe528736b2912c8",
        "name": "desk_086.jpg",
        "path": "file:C:/Users/ryanm/OneDrive/Desktop/CKRmodel/imgs/desk_086.jpg",
        "size": {
            "width": 224,
            "height": 224
        },
        "state": 2,
        "type": 1
    },
    "regions": [
        {
            "id": "HKPzN3hUq",
            "type": "RECTANGLE",
            "tags": [
                "desks"
            ],
            "boundingBox": {
                "height": 195.32009584540563,
                "width": 187.16115544805464,
                "left": 17.863142203021525,
                "top": 14.09271523178808
            },
            "points": [
                {
                    "x": 17.863142203021525,
                    "y": 14.09271523178808
                },
                {
                    "x": 205.02429765107615,
                    "y": 14.09271523178808
                },
                {
                    "x": 205.02429765107615,
                    "y": 209.4128110771937
                },
                {
                    "x": 17.863142203021525,
                    "y": 209.4128110771937
                }
            ]
        }
    ],
    "version": "2.2.0"
}