{
    "asset": {
        "format": "jpg",
        "id": "490330d2247775f5f47a7a2c9357653c",
        "name": "desk_078.jpg",
        "path": "file:C:/Users/ryanm/OneDrive/Desktop/CKRmodel/imgs/desk_078.jpg",
        "size": {
            "width": 224,
            "height": 224
        },
        "state": 2,
        "type": 1
    },
    "regions": [
        {
            "id": "ETYpoUXKv",
            "type": "RECTANGLE",
            "tags": [
                "desks"
            ],
            "boundingBox": {
                "height": 223.0110356412976,
                "width": 195.0728476821192,
                "left": 17.12142034871689,
                "top": 0.9889643587024006
            },
            "points": [
                {
                    "x": 17.12142034871689,
                    "y": 0.9889643587024006
                },
                {
                    "x": 212.1942680308361,
                    "y": 0.9889643587024006
                },
                {
                    "x": 212.1942680308361,
                    "y": 224
                },
                {
                    "x": 17.12142034871689,
                    "y": 224
                }
            ]
        }
    ],
    "version": "2.2.0"
}