{
    "asset": {
        "format": "jpg",
        "id": "4a40b08890a991158d1bfeda3081110a",
        "name": "desk_131.jpg",
        "path": "file:C:/Users/ryanm/OneDrive/Desktop/CKRmodel/imgs/desk_131.jpg",
        "size": {
            "width": 224,
            "height": 224
        },
        "state": 2,
        "type": 1
    },
    "regions": [
        {
            "id": "HVj6JRTk7",
            "type": "RECTANGLE",
            "tags": [
                "desks"
            ],
            "boundingBox": {
                "height": 126.33995207729718,
                "width": 147.60264900662253,
                "left": 40.60927152317881,
                "top": 47.22296182998758
            },
            "points": [
                {
                    "x": 40.60927152317881,
                    "y": 47.22296182998758
                },
                {
                    "x": 188.21192052980132,
                    "y": 47.22296182998758
                },
                {
                    "x": 188.21192052980132,
                    "y": 173.56291390728478
                },
                {
                    "x": 40.60927152317881,
                    "y": 173.56291390728478
                }
            ]
        }
    ],
    "version": "2.2.0"
}