{
    "asset": {
        "format": "jpg",
        "id": "4b2d36a71c700f7719770d805e7146e6",
        "name": "desk_116.jpg",
        "path": "file:C:/Users/ryanm/OneDrive/Desktop/CKRmodel/imgs/desk_116.jpg",
        "size": {
            "width": 224,
            "height": 224
        },
        "state": 2,
        "type": 1
    },
    "regions": [
        {
            "id": "6KxaDxiT3",
            "type": "RECTANGLE",
            "tags": [
                "desks"
            ],
            "boundingBox": {
                "height": 183.2053036721337,
                "width": 156.99779626707368,
                "left": 32.20309428031871,
                "top": 21.7571762792322
            },
            "points": [
                {
                    "x": 32.20309428031871,
                    "y": 21.7571762792322
                },
                {
                    "x": 189.2008905473924,
                    "y": 21.7571762792322
                },
                {
                    "x": 189.2008905473924,
                    "y": 204.9624799513659
                },
                {
                    "x": 32.20309428031871,
                    "y": 204.9624799513659
                }
            ]
        }
    ],
    "version": "2.2.0"
}