{
    "asset": {
        "format": "jpg",
        "id": "50b6c5c92d69e739b53d4aa6bdcc4a5a",
        "name": "desk_125.jpg",
        "path": "file:C:/Users/ryanm/OneDrive/Desktop/CKRmodel/imgs/desk_125.jpg",
        "size": {
            "width": 224,
            "height": 224
        },
        "state": 2,
        "type": 1
    },
    "regions": [
        {
            "id": "e9GhpsDoE",
            "type": "RECTANGLE",
            "tags": [
                "desks"
            ],
            "boundingBox": {
                "height": 55.13466538182947,
                "width": 104.08830776593543,
                "left": 77.20089054739239,
                "top": 122.63135412355133
            },
            "points": [
                {
                    "x": 77.20089054739239,
                    "y": 122.63135412355133
                },
                {
                    "x": 181.28919831332783,
                    "y": 122.63135412355133
                },
                {
                    "x": 181.28919831332783,
                    "y": 177.7660195053808
                },
                {
                    "x": 77.20089054739239,
                    "y": 177.7660195053808
                }
            ]
        }
    ],
    "version": "2.2.0"
}