{
    "asset": {
        "format": "jpg",
        "id": "530d23c292d933706139d4e6d9440dd7",
        "name": "desk_022.jpg",
        "path": "file:C:/Users/ryanm/OneDrive/Desktop/CKRmodel/imgs/desk_022.jpg",
        "size": {
            "width": 224,
            "height": 224
        },
        "state": 2,
        "type": 1
    },
    "regions": [
        {
            "id": "9WLoYgMyT",
            "type": "RECTANGLE",
            "tags": [
                "desks"
            ],
            "boundingBox": {
                "height": 221.0331182416701,
                "width": 132.5209750750207,
                "left": 48.520975075020694,
                "top": 2.4724080673116724
            },
            "points": [
                {
                    "x": 48.520975075020694,
                    "y": 2.4724080673116724
                },
                {
                    "x": 181.0419501500414,
                    "y": 2.4724080673116724
                },
                {
                    "x": 181.0419501500414,
                    "y": 223.50552630898179
                },
                {
                    "x": 48.520975075020694,
                    "y": 223.50552630898179
                }
            ]
        },
        {
            "id": "mG78HaP1c",
            "type": "RECTANGLE",
            "tags": [
                "desks"
            ],
            "boundingBox": {
                "height": 146.36644780241102,
                "width": 39.496688741721854,
                "left": 184.50331125827816,
                "top": 2.4724080673116724
            },
            "points": [
                {
                    "x": 184.50331125827816,
                    "y": 2.4724080673116724
                },
                {
                    "x": 224,
                    "y": 2.4724080673116724
                },
                {
                    "x": 224,
                    "y": 148.8388558697227
                },
                {
                    "x": 184.50331125827816,
                    "y": 148.8388558697227
                }
            ]
        }
    ],
    "version": "2.2.0"
}