{
    "asset": {
        "format": "jpg",
        "id": "53bc74d95bccb14777580fd975f8ad49",
        "name": "desk_063.jpg",
        "path": "file:C:/Users/ryanm/OneDrive/Desktop/CKRmodel/imgs/desk_063.jpg",
        "size": {
            "width": 224,
            "height": 224
        },
        "state": 2,
        "type": 1
    },
    "regions": [
        {
            "id": "Chk3chOb1",
            "type": "RECTANGLE",
            "tags": [
                "desks"
            ],
            "boundingBox": {
                "height": 157.739506803601,
                "width": 176.52980132450332,
                "left": 19.09933774834437,
                "top": 61.06844021626656
            },
            "points": [
                {
                    "x": 19.09933774834437,
                    "y": 61.06844021626656
                },
                {
                    "x": 195.6291390728477,
                    "y": 61.06844021626656
                },
                {
                    "x": 195.6291390728477,
                    "y": 218.80794701986756
                },
                {
                    "x": 19.09933774834437,
                    "y": 218.80794701986756
                }
            ]
        },
        {
            "id": "nplFA0iqp",
            "type": "RECTANGLE",
            "tags": [
                "desks"
            ],
            "boundingBox": {
                "height": 76.6445878388866,
                "width": 78.56069885658113,
                "left": 145.43930114341887,
                "top": 33.87196845250414
            },
            "points": [
                {
                    "x": 145.43930114341887,
                    "y": 33.87196845250414
                },
                {
                    "x": 224,
                    "y": 33.87196845250414
                },
                {
                    "x": 224,
                    "y": 110.51655629139073
                },
                {
                    "x": 145.43930114341887,
                    "y": 110.51655629139073
                }
            ]
        }
    ],
    "version": "2.2.0"
}