{
    "asset": {
        "format": "jpg",
        "id": "55f7adaad7f4881951f5474abc087ecd",
        "name": "desk_151.jpg",
        "path": "file:C:/Users/ryanm/OneDrive/Desktop/CKRmodel/imgs/desk_151.jpg",
        "size": {
            "width": 224,
            "height": 224
        },
        "state": 2,
        "type": 1
    },
    "regions": [
        {
            "id": "2HruoV9vF",
            "type": "RECTANGLE",
            "tags": [
                "desks"
            ],
            "boundingBox": {
                "height": 216.5827871158423,
                "width": 219.30243202866308,
                "left": 3.275941962437914,
                "top": 2.4724080673116724
            },
            "points": [
                {
                    "x": 3.275941962437914,
                    "y": 2.4724080673116724
                },
                {
                    "x": 222.578373991101,
                    "y": 2.4724080673116724
                },
                {
                    "x": 222.578373991101,
                    "y": 219.05519518315398
                },
                {
                    "x": 3.275941962437914,
                    "y": 219.05519518315398
                }
            ]
        }
    ],
    "version": "2.2.0"
}