{
    "asset": {
        "format": "jpg",
        "id": "574ac8416e197792769dd5c323f14b10",
        "name": "desk_060.jpg",
        "path": "file:C:/Users/ryanm/OneDrive/Desktop/CKRmodel/imgs/desk_060.jpg",
        "size": {
            "width": 224,
            "height": 224
        },
        "state": 2,
        "type": 1
    },
    "regions": [
        {
            "id": "wB_UhINqJ",
            "type": "RECTANGLE",
            "tags": [
                "desks"
            ],
            "boundingBox": {
                "height": 143.39956604408113,
                "width": 149.08609271523179,
                "left": 40.856519686465234,
                "top": 71.45254617653146
            },
            "points": [
                {
                    "x": 40.856519686465234,
                    "y": 71.45254617653146
                },
                {
                    "x": 189.94261240169703,
                    "y": 71.45254617653146
                },
                {
                    "x": 189.94261240169703,
                    "y": 214.85211222061258
                },
                {
                    "x": 40.856519686465234,
                    "y": 214.85211222061258
                }
            ]
        }
    ],
    "version": "2.2.0"
}