{
    "asset": {
        "format": "jpg",
        "id": "5ae7dff4a70ae196ab4f02ff0ebbef1f",
        "name": "desk_066.jpg",
        "path": "file:C:/Users/ryanm/OneDrive/Desktop/CKRmodel/imgs/desk_066.jpg",
        "size": {
            "width": 224,
            "height": 224
        },
        "state": 2,
        "type": 1
    },
    "regions": [
        {
            "id": "1jCWCzlwm",
            "type": "RECTANGLE",
            "tags": [
                "desks"
            ],
            "boundingBox": {
                "height": 86.53420879035596,
                "width": 96.8564970509106,
                "left": 127.14350294908941,
                "top": 137.46579120964404
            },
            "points": [
                {
                    "x": 127.14350294908941,
                    "y": 137.46579120964404
                },
                {
                    "x": 224,
                    "y": 137.46579120964404
                },
                {
                    "x": 224,
                    "y": 224
                },
                {
                    "x": 127.14350294908941,
                    "y": 224
                }
            ]
        },
        {
            "id": "ai8MtXM5V",
            "type": "RECTANGLE",
            "tags": [
                "desks"
            ],
            "boundingBox": {
                "height": 45.24503311258278,
                "width": 101.12140903093957,
                "left": 49.26269692932533,
                "top": 88.75938567104718
            },
            "points": [
                {
                    "x": 49.26269692932533,
                    "y": 88.75938567104718
                },
                {
                    "x": 150.3841059602649,
                    "y": 88.75938567104718
                },
                {
                    "x": 150.3841059602649,
                    "y": 134.00441878362997
                },
                {
                    "x": 49.26269692932533,
                    "y": 134.00441878362997
                }
            ]
        },
        {
            "id": "lF0Ixid28",
            "type": "RECTANGLE",
            "tags": [
                "desks"
            ],
            "boundingBox": {
                "height": 71.20529801324503,
                "width": 66.19867549668874,
                "left": 157.80132450331126,
                "top": 60.57395520747103
            },
            "points": [
                {
                    "x": 157.80132450331126,
                    "y": 60.57395520747103
                },
                {
                    "x": 224,
                    "y": 60.57395520747103
                },
                {
                    "x": 224,
                    "y": 131.77925322071607
                },
                {
                    "x": 157.80132450331126,
                    "y": 131.77925322071607
                }
            ]
        },
        {
            "id": "p49u87ny5",
            "type": "RECTANGLE",
            "tags": [
                "desks"
            ],
            "boundingBox": {
                "height": 36.09713401541805,
                "width": 83.56732137313742,
                "left": 11.929367368584437,
                "top": 64.52980132450331
            },
            "points": [
                {
                    "x": 11.929367368584437,
                    "y": 64.52980132450331
                },
                {
                    "x": 95.49668874172185,
                    "y": 64.52980132450331
                },
                {
                    "x": 95.49668874172185,
                    "y": 100.62693533992136
                },
                {
                    "x": 11.929367368584437,
                    "y": 100.62693533992136
                }
            ]
        }
    ],
    "version": "2.2.0"
}