{
    "asset": {
        "format": "jpg",
        "id": "5b6f1930eef17a5d10ce7f26b2623ac3",
        "name": "desk_072.jpg",
        "path": "file:C:/Users/ryanm/OneDrive/Desktop/CKRmodel/imgs/desk_072.jpg",
        "size": {
            "width": 224,
            "height": 224
        },
        "state": 2,
        "type": 1
    },
    "regions": [
        {
            "id": "KS2f0xuSp",
            "type": "RECTANGLE",
            "tags": [
                "desks"
            ],
            "boundingBox": {
                "height": 217.07726080686052,
                "width": 213.86314220302154,
                "left": 3.770426971233444,
                "top": 3.214129921616308
            },
            "points": [
                {
                    "x": 3.770426971233444,
                    "y": 3.214129921616308
                },
                {
                    "x": 217.63356917425497,
                    "y": 3.214129921616308
                },
                {
                    "x": 217.63356917425497,
                    "y": 220.2913907284768
                },
                {
                    "x": 3.770426971233444,
                    "y": 220.2913907284768
                }
            ]
        }
    ],
    "version": "2.2.0"
}