{
    "asset": {
        "format": "jpg",
        "id": "5bd042592de22ab5ece145ce8e4b3a8d",
        "name": "desk_180.jpg",
        "path": "file:C:/Users/ryanm/OneDrive/Desktop/CKRmodel/imgs/desk_180.jpg",
        "size": {
            "width": 224,
            "height": 224
        },
        "state": 2,
        "type": 1
    },
    "regions": [
        {
            "id": "dM6kdqJvk",
            "type": "RECTANGLE",
            "tags": [
                "desks"
            ],
            "boundingBox": {
                "height": 63.04635761589404,
                "width": 94.3841059602649,
                "left": 129.6158940397351,
                "top": 112.98897001759106
            },
            "points": [
                {
                    "x": 129.6158940397351,
                    "y": 112.98897001759106
                },
                {
                    "x": 224,
                    "y": 112.98897001759106
                },
                {
                    "x": 224,
                    "y": 176.0353276334851
                },
                {
                    "x": 129.6158940397351,
                    "y": 176.0353276334851
                }
            ]
        }
    ],
    "version": "2.2.0"
}