{
    "asset": {
        "format": "jpg",
        "id": "5eb516b1400db5ce14f9fde33e408b9a",
        "name": "desk_047.jpg",
        "path": "file:C:/Users/ryanm/OneDrive/Desktop/CKRmodel/imgs/desk_047.jpg",
        "size": {
            "width": 224,
            "height": 224
        },
        "state": 2,
        "type": 1
    },
    "regions": [
        {
            "id": "OypubLp-E",
            "type": "RECTANGLE",
            "tags": [
                "desks"
            ],
            "boundingBox": {
                "height": 152.30021980740378,
                "width": 191.11699024730962,
                "left": 26.022082600372517,
                "top": 12.362031848225373
            },
            "points": [
                {
                    "x": 26.022082600372517,
                    "y": 12.362031848225373
                },
                {
                    "x": 217.13907284768212,
                    "y": 12.362031848225373
                },
                {
                    "x": 217.13907284768212,
                    "y": 164.66225165562915
                },
                {
                    "x": 26.022082600372517,
                    "y": 164.66225165562915
                }
            ]
        }
    ],
    "version": "2.2.0"
}