{
    "asset": {
        "format": "jpg",
        "id": "5f01cd4466f8d8d77b57a2fe554006d8",
        "name": "desk_071.jpg",
        "path": "file:C:/Users/ryanm/OneDrive/Desktop/CKRmodel/imgs/desk_071.jpg",
        "size": {
            "width": 224,
            "height": 224
        },
        "state": 2,
        "type": 1
    },
    "regions": [
        {
            "id": "df6VYHc9m",
            "type": "RECTANGLE",
            "tags": [
                "desks"
            ],
            "boundingBox": {
                "height": 196.06182335859893,
                "width": 187.40838097578643,
                "left": 22.313473328849337,
                "top": 16.565123299099753
            },
            "points": [
                {
                    "x": 22.313473328849337,
                    "y": 16.565123299099753
                },
                {
                    "x": 209.72185430463577,
                    "y": 16.565123299099753
                },
                {
                    "x": 209.72185430463577,
                    "y": 212.62694665769868
                },
                {
                    "x": 22.313473328849337,
                    "y": 212.62694665769868
                }
            ]
        }
    ],
    "version": "2.2.0"
}