{
    "asset": {
        "format": "jpg",
        "id": "5f2e17da7814426d36631d883149d149",
        "name": "desk_169.jpg",
        "path": "file:C:/Users/ryanm/OneDrive/Desktop/CKRmodel/imgs/desk_169.jpg",
        "size": {
            "width": 224,
            "height": 224
        },
        "state": 2,
        "type": 1
    },
    "regions": [
        {
            "id": "7FU6vhxg8",
            "type": "RECTANGLE",
            "tags": [
                "desks"
            ],
            "boundingBox": {
                "height": 80.8476821192053,
                "width": 75.40840361134106,
                "left": 62.11920529801325,
                "top": 116.69757928911424
            },
            "points": [
                {
                    "x": 62.11920529801325,
                    "y": 116.69757928911424
                },
                {
                    "x": 137.5276089093543,
                    "y": 116.69757928911424
                },
                {
                    "x": 137.5276089093543,
                    "y": 197.54526140831953
                },
                {
                    "x": 62.11920529801325,
                    "y": 197.54526140831953
                }
            ]
        }
    ],
    "version": "2.2.0"
}