{
    "asset": {
        "format": "jpg",
        "id": "6193e2200e3eb14ca170bfc73655507b",
        "name": "desk_032.jpg",
        "path": "file:C:/Users/ryanm/OneDrive/Desktop/CKRmodel/imgs/desk_032.jpg",
        "size": {
            "width": 224,
            "height": 224
        },
        "state": 2,
        "type": 1
    },
    "regions": [
        {
            "id": "pNA9C4EDF",
            "type": "RECTANGLE",
            "tags": [
                "desks"
            ],
            "boundingBox": {
                "height": 218.8079611670892,
                "width": 212.87418350320777,
                "left": 4.01766381674255,
                "top": 2.7196477422651077
            },
            "points": [
                {
                    "x": 4.01766381674255,
                    "y": 2.7196477422651077
                },
                {
                    "x": 216.89184731995033,
                    "y": 2.7196477422651077
                },
                {
                    "x": 216.89184731995033,
                    "y": 221.5276089093543
                },
                {
                    "x": 4.01766381674255,
                    "y": 221.5276089093543
                }
            ]
        }
    ],
    "version": "2.2.0"
}