{
    "asset": {
        "format": "jpg",
        "id": "63717b722be58ee8985067cbd5508090",
        "name": "desk_100.jpg",
        "path": "file:C:/Users/ryanm/OneDrive/Desktop/CKRmodel/imgs/desk_100.jpg",
        "size": {
            "width": 224,
            "height": 224
        },
        "state": 2,
        "type": 1
    },
    "regions": [
        {
            "id": "QEL34AHFQ",
            "type": "RECTANGLE",
            "tags": [
                "desks"
            ],
            "boundingBox": {
                "height": 164.90949981891558,
                "width": 140.67990415459437,
                "left": 56.43267862686258,
                "top": 51.17880794701987
            },
            "points": [
                {
                    "x": 56.43267862686258,
                    "y": 51.17880794701987
                },
                {
                    "x": 197.11258278145695,
                    "y": 51.17880794701987
                },
                {
                    "x": 197.11258278145695,
                    "y": 216.08830776593544
                },
                {
                    "x": 56.43267862686258,
                    "y": 216.08830776593544
                }
            ]
        }
    ],
    "version": "2.2.0"
}