{
    "asset": {
        "format": "jpg",
        "id": "6464afcb750f6d009d5677e7c6046666",
        "name": "desk_018.jpg",
        "path": "file:C:/Users/ryanm/OneDrive/Desktop/CKRmodel/imgs/desk_018.jpg",
        "size": {
            "width": 224,
            "height": 224
        },
        "state": 2,
        "type": 1
    },
    "regions": [
        {
            "id": "Et5sHH6SB",
            "type": "RECTANGLE",
            "tags": [
                "desks"
            ],
            "boundingBox": {
                "height": 208.17843866171003,
                "width": 202.07186265683086,
                "left": 14.433713551347584,
                "top": 9.298653868494425
            },
            "points": [
                {
                    "x": 14.433713551347584,
                    "y": 9.298653868494425
                },
                {
                    "x": 216.50557620817844,
                    "y": 9.298653868494425
                },
                {
                    "x": 216.50557620817844,
                    "y": 217.47709253020446
                },
                {
                    "x": 14.433713551347584,
                    "y": 217.47709253020446
                }
            ]
        }
    ],
    "version": "2.2.0"
}