{
    "asset": {
        "format": "jpg",
        "id": "65794476cdc25d5fb0e457cce57ac951",
        "name": "desk_035.jpg",
        "path": "file:C:/Users/ryanm/OneDrive/Desktop/CKRmodel/imgs/desk_035.jpg",
        "size": {
            "width": 224,
            "height": 224
        },
        "state": 2,
        "type": 1
    },
    "regions": [
        {
            "id": "pP537dZ-a",
            "type": "RECTANGLE",
            "tags": [
                "desks"
            ],
            "boundingBox": {
                "height": 142.41059602649005,
                "width": 88.75938567104718,
                "left": 18.852100902835264,
                "top": 45.98675496688742
            },
            "points": [
                {
                    "x": 18.852100902835264,
                    "y": 45.98675496688742
                },
                {
                    "x": 107.61148657388246,
                    "y": 45.98675496688742
                },
                {
                    "x": 107.61148657388246,
                    "y": 188.3973509933775
                },
                {
                    "x": 18.852100902835264,
                    "y": 188.3973509933775
                }
            ]
        },
        {
            "id": "7M6uOKgLS",
            "type": "RECTANGLE",
            "tags": [
                "desks"
            ],
            "boundingBox": {
                "height": 163.42604479252898,
                "width": 95.92934473302981,
                "left": 119.72628440604305,
                "top": 39.80574328694122
            },
            "points": [
                {
                    "x": 119.72628440604305,
                    "y": 39.80574328694122
                },
                {
                    "x": 215.65562913907286,
                    "y": 39.80574328694122
                },
                {
                    "x": 215.65562913907286,
                    "y": 203.2317880794702
                },
                {
                    "x": 119.72628440604305,
                    "y": 203.2317880794702
                }
            ]
        }
    ],
    "version": "2.2.0"
}