{
    "asset": {
        "format": "jpg",
        "id": "66559660fc6c35449f9db90aa7a85aa7",
        "name": "desk_038.jpg",
        "path": "file:C:/Users/ryanm/OneDrive/Desktop/CKRmodel/imgs/desk_038.jpg",
        "size": {
            "width": 224,
            "height": 224
        },
        "state": 2,
        "type": 1
    },
    "regions": [
        {
            "id": "Pnk92rto5",
            "type": "RECTANGLE",
            "tags": [
                "desks"
            ],
            "boundingBox": {
                "height": 194.57836267332368,
                "width": 198.03974641711508,
                "left": 15.885213485616722,
                "top": 14.58720024058361
            },
            "points": [
                {
                    "x": 15.885213485616722,
                    "y": 14.58720024058361
                },
                {
                    "x": 213.92495990273179,
                    "y": 14.58720024058361
                },
                {
                    "x": 213.92495990273179,
                    "y": 209.16556291390728
                },
                {
                    "x": 15.885213485616722,
                    "y": 209.16556291390728
                }
            ]
        }
    ],
    "version": "2.2.0"
}