{
    "asset": {
        "format": "jpg",
        "id": "6692097c4555fc9fda471bc72386d039",
        "name": "desk_163.jpg",
        "path": "file:C:/Users/ryanm/OneDrive/Desktop/CKRmodel/imgs/desk_163.jpg",
        "size": {
            "width": 224,
            "height": 224
        },
        "state": 2,
        "type": 1
    },
    "regions": [
        {
            "id": "wD-Ge5HA3",
            "type": "RECTANGLE",
            "tags": [
                "desks"
            ],
            "boundingBox": {
                "height": 38.56953642384106,
                "width": 87.52319012572434,
                "left": 27.01104130018626,
                "top": 92.46799494257037
            },
            "points": [
                {
                    "x": 27.01104130018626,
                    "y": 92.46799494257037
                },
                {
                    "x": 114.5342314259106,
                    "y": 92.46799494257037
                },
                {
                    "x": 114.5342314259106,
                    "y": 131.03753136641143
                },
                {
                    "x": 27.01104130018626,
                    "y": 131.03753136641143
                }
            ]
        },
        {
            "id": "bp04NaiFz",
            "type": "RECTANGLE",
            "tags": [
                "desks"
            ],
            "boundingBox": {
                "height": 62.79912077038494,
                "width": 96.67108922288908,
                "left": 104.39735099337749,
                "top": 134.74614063793462
            },
            "points": [
                {
                    "x": 104.39735099337749,
                    "y": 134.74614063793462
                },
                {
                    "x": 201.06844021626657,
                    "y": 134.74614063793462
                },
                {
                    "x": 201.06844021626657,
                    "y": 197.54526140831953
                },
                {
                    "x": 104.39735099337749,
                    "y": 197.54526140831953
                }
            ]
        }
    ],
    "version": "2.2.0"
}