{
    "asset": {
        "format": "jpg",
        "id": "695e368a4b37dcc8e2955e510668822f",
        "name": "desk_136.jpg",
        "path": "file:C:/Users/ryanm/OneDrive/Desktop/CKRmodel/imgs/desk_136.jpg",
        "size": {
            "width": 224,
            "height": 224
        },
        "state": 2,
        "type": 1
    },
    "regions": [
        {
            "id": "R80_t9oln",
            "type": "RECTANGLE",
            "tags": [
                "desks"
            ],
            "boundingBox": {
                "height": 96.91831475062087,
                "width": 128.5651289579884,
                "left": 76.21192052980133,
                "top": 116.69757928911424
            },
            "points": [
                {
                    "x": 76.21192052980133,
                    "y": 116.69757928911424
                },
                {
                    "x": 204.77704948778972,
                    "y": 116.69757928911424
                },
                {
                    "x": 204.77704948778972,
                    "y": 213.6158940397351
                },
                {
                    "x": 76.21192052980133,
                    "y": 213.6158940397351
                }
            ]
        },
        {
            "id": "kZyfw_StF",
            "type": "RECTANGLE",
            "tags": [
                "desks"
            ],
            "boundingBox": {
                "height": 39.5584951236548,
                "width": 97.16556291390728,
                "left": 2.0397350993377485,
                "top": 96.67108922288908
            },
            "points": [
                {
                    "x": 2.0397350993377485,
                    "y": 96.67108922288908
                },
                {
                    "x": 99.20529801324504,
                    "y": 96.67108922288908
                },
                {
                    "x": 99.20529801324504,
                    "y": 136.22958434654387
                },
                {
                    "x": 2.0397350993377485,
                    "y": 136.22958434654387
                }
            ]
        }
    ],
    "version": "2.2.0"
}