{
    "asset": {
        "format": "jpg",
        "id": "695f3d28468640403b5ba21e1593149e",
        "name": "desk_076.jpg",
        "path": "file:C:/Users/ryanm/OneDrive/Desktop/CKRmodel/imgs/desk_076.jpg",
        "size": {
            "width": 224,
            "height": 224
        },
        "state": 2,
        "type": 1
    },
    "regions": [
        {
            "id": "ZTzwsN9te",
            "type": "RECTANGLE",
            "tags": [
                "desks"
            ],
            "boundingBox": {
                "height": 191.3642440694847,
                "width": 181.47461745912665,
                "left": 30.719650571709437,
                "top": 12.856514027576573
            },
            "points": [
                {
                    "x": 30.719650571709437,
                    "y": 12.856514027576573
                },
                {
                    "x": 212.1942680308361,
                    "y": 12.856514027576573
                },
                {
                    "x": 212.1942680308361,
                    "y": 204.22075809706126
                },
                {
                    "x": 30.719650571709437,
                    "y": 204.22075809706126
                }
            ]
        }
    ],
    "version": "2.2.0"
}