{
    "asset": {
        "format": "jpg",
        "id": "69fbe58b652bb28da9bf46d6ee023481",
        "name": "desk_017.jpg",
        "path": "file:C:/Users/ryanm/OneDrive/Desktop/CKRmodel/imgs/desk_017.jpg",
        "size": {
            "width": 224,
            "height": 224
        },
        "state": 2,
        "type": 1
    },
    "regions": [
        {
            "id": "hRQZgSYi2",
            "type": "RECTANGLE",
            "tags": [
                "desks"
            ],
            "boundingBox": {
                "height": 223.02853450278812,
                "width": 220.66914498141264,
                "left": 3.3308550185873607,
                "top": 0
            },
            "points": [
                {
                    "x": 3.3308550185873607,
                    "y": 0
                },
                {
                    "x": 224,
                    "y": 0
                },
                {
                    "x": 224,
                    "y": 223.02853450278812
                },
                {
                    "x": 3.3308550185873607,
                    "y": 223.02853450278812
                }
            ]
        }
    ],
    "version": "2.2.0"
}