{
    "asset": {
        "format": "jpg",
        "id": "6b282c89e5a7860d05f927a577f6a9dd",
        "name": "desk_082.jpg",
        "path": "file:C:/Users/ryanm/OneDrive/Desktop/CKRmodel/imgs/desk_082.jpg",
        "size": {
            "width": 224,
            "height": 224
        },
        "state": 2,
        "type": 1
    },
    "regions": [
        {
            "id": "s5y8lOTzz",
            "type": "RECTANGLE",
            "tags": [
                "desks"
            ],
            "boundingBox": {
                "height": 149.82782022842508,
                "width": 205.45696496016143,
                "left": 11.434882359788908,
                "top": 37.333335219629554
            },
            "points": [
                {
                    "x": 11.434882359788908,
                    "y": 37.333335219629554
                },
                {
                    "x": 216.89184731995033,
                    "y": 37.333335219629554
                },
                {
                    "x": 216.89184731995033,
                    "y": 187.16115544805464
                },
                {
                    "x": 11.434882359788908,
                    "y": 187.16115544805464
                }
            ]
        }
    ],
    "version": "2.2.0"
}