{
    "asset": {
        "format": "jpg",
        "id": "6c4b023630b3e241fb76b337fca80236",
        "name": "desk_195.jpg",
        "path": "file:C:/Users/ryanm/OneDrive/Desktop/CKRmodel/imgs/desk_195.jpg",
        "size": {
            "width": 224,
            "height": 224
        },
        "state": 2,
        "type": 1
    },
    "regions": [
        {
            "id": "6fmFBPDIx",
            "type": "RECTANGLE",
            "tags": [
                "desks"
            ],
            "boundingBox": {
                "height": 128.5651176402111,
                "width": 163.1788192647972,
                "left": 13.660047922702814,
                "top": 85.79249825382864
            },
            "points": [
                {
                    "x": 13.660047922702814,
                    "y": 85.79249825382864
                },
                {
                    "x": 176.8388671875,
                    "y": 85.79249825382864
                },
                {
                    "x": 176.8388671875,
                    "y": 214.35761589403972
                },
                {
                    "x": 13.660047922702814,
                    "y": 214.35761589403972
                }
            ]
        }
    ],
    "version": "2.2.0"
}