{
    "asset": {
        "format": "jpg",
        "id": "6cad9ac74b4f9ff1d0645f3ae8e34fc4",
        "name": "desk_167.jpg",
        "path": "file:C:/Users/ryanm/OneDrive/Desktop/CKRmodel/imgs/desk_167.jpg",
        "size": {
            "width": 224,
            "height": 224
        },
        "state": 2,
        "type": 1
    },
    "regions": [
        {
            "id": "AB3cQzZQw",
            "type": "RECTANGLE",
            "tags": [
                "desks"
            ],
            "boundingBox": {
                "height": 62.55188392487583,
                "width": 66.26049319639901,
                "left": 108.35320842818709,
                "top": 128.31788079470198
            },
            "points": [
                {
                    "x": 108.35320842818709,
                    "y": 128.31788079470198
                },
                {
                    "x": 174.6137016245861,
                    "y": 128.31788079470198
                },
                {
                    "x": 174.6137016245861,
                    "y": 190.86976471957783
                },
                {
                    "x": 108.35320842818709,
                    "y": 190.86976471957783
                }
            ]
        },
        {
            "id": "-78AaRqag",
            "type": "RECTANGLE",
            "tags": [
                "desks"
            ],
            "boundingBox": {
                "height": 55.13466538182947,
                "width": 59.09052281663907,
                "left": 28,
                "top": 118.92274485202815
            },
            "points": [
                {
                    "x": 28,
                    "y": 118.92274485202815
                },
                {
                    "x": 87.09052281663908,
                    "y": 118.92274485202815
                },
                {
                    "x": 87.09052281663908,
                    "y": 174.0574102338576
                },
                {
                    "x": 28,
                    "y": 174.0574102338576
                }
            ]
        }
    ],
    "version": "2.2.0"
}