{
    "asset": {
        "format": "jpg",
        "id": "6d623493a68796af51314cf2a183dd46",
        "name": "desk_139.jpg",
        "path": "file:C:/Users/ryanm/OneDrive/Desktop/CKRmodel/imgs/desk_139.jpg",
        "size": {
            "width": 224,
            "height": 224
        },
        "state": 2,
        "type": 1
    },
    "regions": [
        {
            "id": "ji64BfwlH",
            "type": "RECTANGLE",
            "tags": [
                "desks"
            ],
            "boundingBox": {
                "height": 57.85430463576159,
                "width": 84.55629139072848,
                "left": 137.7748344370861,
                "top": 154.52539385865066
            },
            "points": [
                {
                    "x": 137.7748344370861,
                    "y": 154.52539385865066
                },
                {
                    "x": 222.33112582781456,
                    "y": 154.52539385865066
                },
                {
                    "x": 222.33112582781456,
                    "y": 212.37969849441225
                },
                {
                    "x": 137.7748344370861,
                    "y": 212.37969849441225
                }
            ]
        },
        {
            "id": "4fS4JXeCm",
            "type": "RECTANGLE",
            "tags": [
                "desks"
            ],
            "boundingBox": {
                "height": 30.16335918098096,
                "width": 57.11259409923427,
                "left": 43.32892209488825,
                "top": 128.07064394919288
            },
            "points": [
                {
                    "x": 43.32892209488825,
                    "y": 128.07064394919288
                },
                {
                    "x": 100.44151619412251,
                    "y": 128.07064394919288
                },
                {
                    "x": 100.44151619412251,
                    "y": 158.23400313017385
                },
                {
                    "x": 43.32892209488825,
                    "y": 158.23400313017385
                }
            ]
        },
        {
            "id": "JsMTq9YY-",
            "type": "RECTANGLE",
            "tags": [
                "desks"
            ],
            "boundingBox": {
                "height": 54.88741721854305,
                "width": 77.13908416545944,
                "left": 9.951438651179636,
                "top": 159.96469500206953
            },
            "points": [
                {
                    "x": 9.951438651179636,
                    "y": 159.96469500206953
                },
                {
                    "x": 87.09052281663908,
                    "y": 159.96469500206953
                },
                {
                    "x": 87.09052281663908,
                    "y": 214.85211222061258
                },
                {
                    "x": 9.951438651179636,
                    "y": 214.85211222061258
                }
            ]
        }
    ],
    "version": "2.2.0"
}