{
    "asset": {
        "format": "jpg",
        "id": "6e417d02c481564ee043a1d585cfc6cd",
        "name": "desk_186.jpg",
        "path": "file:C:/Users/ryanm/OneDrive/Desktop/CKRmodel/imgs/desk_186.jpg",
        "size": {
            "width": 224,
            "height": 224
        },
        "state": 2,
        "type": 1
    },
    "regions": [
        {
            "id": "BPSrjcwLB",
            "type": "RECTANGLE",
            "tags": [
                "desks"
            ],
            "boundingBox": {
                "height": 57.35980830918874,
                "width": 101.55407634002484,
                "left": 122.44592365997516,
                "top": 166.64019169081126
            },
            "points": [
                {
                    "x": 122.44592365997516,
                    "y": 166.64019169081126
                },
                {
                    "x": 224,
                    "y": 166.64019169081126
                },
                {
                    "x": 224,
                    "y": 224
                },
                {
                    "x": 122.44592365997516,
                    "y": 224
                }
            ]
        }
    ],
    "version": "2.2.0"
}