{
    "asset": {
        "format": "jpg",
        "id": "6e43762b0c1cb7ed110de1d96382bf36",
        "name": "desk_004.jpg",
        "path": "file:C:/Users/ryanm/OneDrive/Desktop/CKRmodel/imgs/desk_004.jpg",
        "size": {
            "width": 224,
            "height": 224
        },
        "state": 2,
        "type": 1
    },
    "regions": [
        {
            "id": "hz_cBkMQM",
            "type": "RECTANGLE",
            "tags": [
                "desks"
            ],
            "boundingBox": {
                "height": 215.95046758828997,
                "width": 206.51301115241637,
                "left": 9.437431023466543,
                "top": 2.4981412639405205
            },
            "points": [
                {
                    "x": 9.437431023466543,
                    "y": 2.4981412639405205
                },
                {
                    "x": 215.9504421758829,
                    "y": 2.4981412639405205
                },
                {
                    "x": 215.9504421758829,
                    "y": 218.44860885223048
                },
                {
                    "x": 9.437431023466543,
                    "y": 218.44860885223048
                }
            ]
        }
    ],
    "version": "2.2.0"
}