{
    "asset": {
        "format": "jpg",
        "id": "6fe3eeb0db40fce24d790cd92a8fb30d",
        "name": "desk_091.jpg",
        "path": "file:C:/Users/ryanm/OneDrive/Desktop/CKRmodel/imgs/desk_091.jpg",
        "size": {
            "width": 224,
            "height": 224
        },
        "state": 2,
        "type": 1
    },
    "regions": [
        {
            "id": "OXV_-nuA_",
            "type": "RECTANGLE",
            "tags": [
                "desks"
            ],
            "boundingBox": {
                "height": 104.58278428639797,
                "width": 196.80353955401492,
                "left": 20.830029620240065,
                "top": 7.911700722397558
            },
            "points": [
                {
                    "x": 20.830029620240065,
                    "y": 7.911700722397558
                },
                {
                    "x": 217.63356917425497,
                    "y": 7.911700722397558
                },
                {
                    "x": 217.63356917425497,
                    "y": 112.49448500879554
                },
                {
                    "x": 20.830029620240065,
                    "y": 112.49448500879554
                }
            ]
        },
        {
            "id": "CNq-jctHc",
            "type": "RECTANGLE",
            "tags": [
                "desks"
            ],
            "boundingBox": {
                "height": 211.14349446075641,
                "width": 195.56732137313742,
                "left": 11.929367368584437,
                "top": 4.203091450874379
            },
            "points": [
                {
                    "x": 11.929367368584437,
                    "y": 4.203091450874379
                },
                {
                    "x": 207.49668874172187,
                    "y": 4.203091450874379
                },
                {
                    "x": 207.49668874172187,
                    "y": 215.3465859116308
                },
                {
                    "x": 11.929367368584437,
                    "y": 215.3465859116308
                }
            ]
        }
    ],
    "version": "2.2.0"
}