{
    "asset": {
        "format": "jpg",
        "id": "7150c1f812a8a27b75f415e5a84bcffb",
        "name": "desk_145.jpg",
        "path": "file:C:/Users/ryanm/OneDrive/Desktop/CKRmodel/imgs/desk_145.jpg",
        "size": {
            "width": 224,
            "height": 224
        },
        "state": 2,
        "type": 1
    },
    "regions": [
        {
            "id": "9-xsbd_u5",
            "type": "RECTANGLE",
            "tags": [
                "desks"
            ],
            "boundingBox": {
                "height": 111.75275749560224,
                "width": 154.77261938638244,
                "left": 27.50552630898179,
                "top": 32.88300409380174
            },
            "points": [
                {
                    "x": 27.50552630898179,
                    "y": 32.88300409380174
                },
                {
                    "x": 182.27814569536423,
                    "y": 32.88300409380174
                },
                {
                    "x": 182.27814569536423,
                    "y": 144.63576158940398
                },
                {
                    "x": 27.50552630898179,
                    "y": 144.63576158940398
                }
            ]
        }
    ],
    "version": "2.2.0"
}