{
    "asset": {
        "format": "jpg",
        "id": "7339a86577486e1dde7536c61eca905a",
        "name": "desk_170.jpg",
        "path": "file:C:/Users/ryanm/OneDrive/Desktop/CKRmodel/imgs/desk_170.jpg",
        "size": {
            "width": 224,
            "height": 224
        },
        "state": 2,
        "type": 1
    },
    "regions": [
        {
            "id": "OM7qm8UYH",
            "type": "RECTANGLE",
            "tags": [
                "desks"
            ],
            "boundingBox": {
                "height": 29.17440048116722,
                "width": 74.17218543046357,
                "left": 81.6512216732202,
                "top": 131.28476821192052
            },
            "points": [
                {
                    "x": 81.6512216732202,
                    "y": 131.28476821192052
                },
                {
                    "x": 155.8234071036838,
                    "y": 131.28476821192052
                },
                {
                    "x": 155.8234071036838,
                    "y": 160.45916869308775
                },
                {
                    "x": 81.6512216732202,
                    "y": 160.45916869308775
                }
            ]
        },
        {
            "id": "lPKCJ4-pE",
            "type": "RECTANGLE",
            "tags": [
                "desks"
            ],
            "boundingBox": {
                "height": 48.45916869308775,
                "width": 52.415014810120034,
                "left": 16.626935339921356,
                "top": 110.76380445467716
            },
            "points": [
                {
                    "x": 16.626935339921356,
                    "y": 110.76380445467716
                },
                {
                    "x": 69.04195015004139,
                    "y": 110.76380445467716
                },
                {
                    "x": 69.04195015004139,
                    "y": 159.2229731477649
                },
                {
                    "x": 16.626935339921356,
                    "y": 159.2229731477649
                }
            ]
        }
    ],
    "version": "2.2.0"
}