{
    "asset": {
        "format": "jpg",
        "id": "74ce4fadc7763ea3d15d1b8f61b20870",
        "name": "desk_191.jpg",
        "path": "file:C:/Users/ryanm/OneDrive/Desktop/CKRmodel/imgs/desk_191.jpg",
        "size": {
            "width": 224,
            "height": 224
        },
        "state": 2,
        "type": 1
    },
    "regions": [
        {
            "id": "sTAD6uGM-",
            "type": "RECTANGLE",
            "tags": [
                "desks"
            ],
            "boundingBox": {
                "height": 187.65562913907286,
                "width": 192.10596026490066,
                "left": 19.346585911630797,
                "top": 22.251655629139073
            },
            "points": [
                {
                    "x": 19.346585911630797,
                    "y": 22.251655629139073
                },
                {
                    "x": 211.45254617653146,
                    "y": 22.251655629139073
                },
                {
                    "x": 211.45254617653146,
                    "y": 209.90728476821192
                },
                {
                    "x": 19.346585911630797,
                    "y": 209.90728476821192
                }
            ]
        }
    ],
    "version": "2.2.0"
}