{
    "asset": {
        "format": "jpg",
        "id": "7586faa5ed18582b2f9f871d830748b5",
        "name": "desk_041.jpg",
        "path": "file:C:/Users/ryanm/OneDrive/Desktop/CKRmodel/imgs/desk_041.jpg",
        "size": {
            "width": 224,
            "height": 224
        },
        "state": 2,
        "type": 1
    },
    "regions": [
        {
            "id": "ayp30zsA0",
            "type": "RECTANGLE",
            "tags": [
                "desks"
            ],
            "boundingBox": {
                "height": 207.43489367756624,
                "width": 174.3046357615894,
                "left": 11.929367368584437,
                "top": 7.417218543046358
            },
            "points": [
                {
                    "x": 11.929367368584437,
                    "y": 7.417218543046358
                },
                {
                    "x": 186.23400313017385,
                    "y": 7.417218543046358
                },
                {
                    "x": 186.23400313017385,
                    "y": 214.85211222061258
                },
                {
                    "x": 11.929367368584437,
                    "y": 214.85211222061258
                }
            ]
        }
    ],
    "version": "2.2.0"
}