{
    "asset": {
        "format": "jpg",
        "id": "75f09100c4cb2b2865e25e6225a4823b",
        "name": "desk_105.jpg",
        "path": "file:C:/Users/ryanm/OneDrive/Desktop/CKRmodel/imgs/desk_105.jpg",
        "size": {
            "width": 224,
            "height": 224
        },
        "state": 2,
        "type": 1
    },
    "regions": [
        {
            "id": "eeo3_Aeh1",
            "type": "RECTANGLE",
            "tags": [
                "desks"
            ],
            "boundingBox": {
                "height": 223.75275749560222,
                "width": 209.4128110771937,
                "left": 10.445923659975167,
                "top": 0.2472425043977649
            },
            "points": [
                {
                    "x": 10.445923659975167,
                    "y": 0.2472425043977649
                },
                {
                    "x": 219.85873473716887,
                    "y": 0.2472425043977649
                },
                {
                    "x": 219.85873473716887,
                    "y": 224
                },
                {
                    "x": 10.445923659975167,
                    "y": 224
                }
            ]
        }
    ],
    "version": "2.2.0"
}