{
    "asset": {
        "format": "jpg",
        "id": "790141c6b9eec9c8aa92fe073b8cf504",
        "name": "desk_028.jpg",
        "path": "file:C:/Users/ryanm/OneDrive/Desktop/CKRmodel/imgs/desk_028.jpg",
        "size": {
            "width": 224,
            "height": 224
        },
        "state": 2,
        "type": 1
    },
    "regions": [
        {
            "id": "J28i7sD5J",
            "type": "RECTANGLE",
            "tags": [
                "desks"
            ],
            "boundingBox": {
                "height": 217.32450897014695,
                "width": 219.79691703745863,
                "left": 3.028705116928808,
                "top": 3.214129921616308
            },
            "points": [
                {
                    "x": 3.028705116928808,
                    "y": 3.214129921616308
                },
                {
                    "x": 222.82562215438742,
                    "y": 3.214129921616308
                },
                {
                    "x": 222.82562215438742,
                    "y": 220.53863889176324
                },
                {
                    "x": 3.028705116928808,
                    "y": 220.53863889176324
                }
            ]
        }
    ],
    "version": "2.2.0"
}