{
    "asset": {
        "format": "jpg",
        "id": "7e9b2134c0de7d82b2629c8c8d473943",
        "name": "desk_010.jpg",
        "path": "file:C:/Users/ryanm/OneDrive/Desktop/CKRmodel/imgs/desk_010.jpg",
        "size": {
            "width": 224,
            "height": 224
        },
        "state": 2,
        "type": 1
    },
    "regions": [
        {
            "id": "9EEbPq4bO",
            "type": "RECTANGLE",
            "tags": [
                "desks"
            ],
            "boundingBox": {
                "height": 219.28129719447026,
                "width": 187.63817451789035,
                "left": 16.654275092936803,
                "top": 1.9430072316449813
            },
            "points": [
                {
                    "x": 16.654275092936803,
                    "y": 1.9430072316449813
                },
                {
                    "x": 204.29244961082713,
                    "y": 1.9430072316449813
                },
                {
                    "x": 204.29244961082713,
                    "y": 221.22430442611525
                },
                {
                    "x": 16.654275092936803,
                    "y": 221.22430442611525
                }
            ]
        }
    ],
    "version": "2.2.0"
}