{
    "asset": {
        "format": "jpg",
        "id": "821495d35e68d244ac19bd85d0809c5f",
        "name": "desk_177.jpg",
        "path": "file:C:/Users/ryanm/OneDrive/Desktop/CKRmodel/imgs/desk_177.jpg",
        "size": {
            "width": 224,
            "height": 224
        },
        "state": 2,
        "type": 1
    },
    "regions": [
        {
            "id": "SvYtx3mlz",
            "type": "RECTANGLE",
            "tags": [
                "desks"
            ],
            "boundingBox": {
                "height": 41.78366068656871,
                "width": 66.75496688741723,
                "left": 132.08830776593544,
                "top": 98.15453293149835
            },
            "points": [
                {
                    "x": 132.08830776593544,
                    "y": 98.15453293149835
                },
                {
                    "x": 198.84327465335267,
                    "y": 98.15453293149835
                },
                {
                    "x": 198.84327465335267,
                    "y": 139.93819361806706
                },
                {
                    "x": 132.08830776593544,
                    "y": 139.93819361806706
                }
            ]
        },
        {
            "id": "UJUeQNBUh",
            "type": "RECTANGLE",
            "tags": [
                "desks"
            ],
            "boundingBox": {
                "height": 29.421637326676326,
                "width": 53.15672534664735,
                "left": 66.81678458712749,
                "top": 86.53422010813328
            },
            "points": [
                {
                    "x": 66.81678458712749,
                    "y": 86.53422010813328
                },
                {
                    "x": 119.97350993377484,
                    "y": 86.53422010813328
                },
                {
                    "x": 119.97350993377484,
                    "y": 115.9558574348096
                },
                {
                    "x": 66.81678458712749,
                    "y": 115.9558574348096
                }
            ]
        },
        {
            "id": "GIdhOizSj",
            "type": "RECTANGLE",
            "tags": [
                "desks"
            ],
            "boundingBox": {
                "height": 73.92493726717716,
                "width": 178.260493196399,
                "left": 2.781456953642384,
                "top": 150.07506273282286
            },
            "points": [
                {
                    "x": 2.781456953642384,
                    "y": 150.07506273282286
                },
                {
                    "x": 181.0419501500414,
                    "y": 150.07506273282286
                },
                {
                    "x": 181.0419501500414,
                    "y": 224
                },
                {
                    "x": 2.781456953642384,
                    "y": 224
                }
            ]
        }
    ],
    "version": "2.2.0"
}