{
    "asset": {
        "format": "jpg",
        "id": "82259ebaedc72727814581f7d3153703",
        "name": "desk_075.jpg",
        "path": "file:C:/Users/ryanm/OneDrive/Desktop/CKRmodel/imgs/desk_075.jpg",
        "size": {
            "width": 224,
            "height": 224
        },
        "state": 2,
        "type": 1
    },
    "regions": [
        {
            "id": "vGWdpeRPH",
            "type": "RECTANGLE",
            "tags": [
                "desks"
            ],
            "boundingBox": {
                "height": 210.154538590387,
                "width": 172.82119205298014,
                "left": 30.966887417218544,
                "top": 9.147904756053395
            },
            "points": [
                {
                    "x": 30.966887417218544,
                    "y": 9.147904756053395
                },
                {
                    "x": 203.78807947019868,
                    "y": 9.147904756053395
                },
                {
                    "x": 203.78807947019868,
                    "y": 219.3024433464404
                },
                {
                    "x": 30.966887417218544,
                    "y": 219.3024433464404
                }
            ]
        }
    ],
    "version": "2.2.0"
}