{
    "asset": {
        "format": "jpg",
        "id": "832796f02f1565cde70d0702f96d414a",
        "name": "desk_069.jpg",
        "path": "file:C:/Users/ryanm/OneDrive/Desktop/CKRmodel/imgs/desk_069.jpg",
        "size": {
            "width": 224,
            "height": 224
        },
        "state": 2,
        "type": 1
    },
    "regions": [
        {
            "id": "iw1qIvOVt",
            "type": "RECTANGLE",
            "tags": [
                "desks"
            ],
            "boundingBox": {
                "height": 47.47019867549669,
                "width": 92.22075809706126,
                "left": 110.33112582781457,
                "top": 176.52980132450332
            },
            "points": [
                {
                    "x": 110.33112582781457,
                    "y": 176.52980132450332
                },
                {
                    "x": 202.55188392487582,
                    "y": 176.52980132450332
                },
                {
                    "x": 202.55188392487582,
                    "y": 224
                },
                {
                    "x": 110.33112582781457,
                    "y": 224
                }
            ]
        },
        {
            "id": "JNpucs5HM",
            "type": "RECTANGLE",
            "tags": [
                "desks"
            ],
            "boundingBox": {
                "height": 69.47460614134934,
                "width": 82.82562215438742,
                "left": 35.41721854304636,
                "top": 147.84989716990896
            },
            "points": [
                {
                    "x": 35.41721854304636,
                    "y": 147.84989716990896
                },
                {
                    "x": 118.24284069743378,
                    "y": 147.84989716990896
                },
                {
                    "x": 118.24284069743378,
                    "y": 217.32450331125827
                },
                {
                    "x": 35.41721854304636,
                    "y": 217.32450331125827
                }
            ]
        },
        {
            "id": "3QtzCh_NM",
            "type": "RECTANGLE",
            "tags": [
                "desks"
            ],
            "boundingBox": {
                "height": 50.43709741049255,
                "width": 74.41943359375,
                "left": 133.32450331125827,
                "top": 138.45474990945777
            },
            "points": [
                {
                    "x": 133.32450331125827,
                    "y": 138.45474990945777
                },
                {
                    "x": 207.74393690500827,
                    "y": 138.45474990945777
                },
                {
                    "x": 207.74393690500827,
                    "y": 188.89184731995033
                },
                {
                    "x": 133.32450331125827,
                    "y": 188.89184731995033
                }
            ]
        }
    ],
    "version": "2.2.0"
}