{
    "asset": {
        "format": "jpg",
        "id": "83710779f630592540e6d3fc3c3fe225",
        "name": "desk_129.jpg",
        "path": "file:C:/Users/ryanm/OneDrive/Desktop/CKRmodel/imgs/desk_129.jpg",
        "size": {
            "width": 224,
            "height": 224
        },
        "state": 2,
        "type": 1
    },
    "regions": [
        {
            "id": "emny5WC-y",
            "type": "RECTANGLE",
            "tags": [
                "desks"
            ],
            "boundingBox": {
                "height": 65.27152317880795,
                "width": 97.90728476821192,
                "left": 104.89184731995033,
                "top": 158.72847682119206
            },
            "points": [
                {
                    "x": 104.89184731995033,
                    "y": 158.72847682119206
                },
                {
                    "x": 202.79913208816225,
                    "y": 158.72847682119206
                },
                {
                    "x": 202.79913208816225,
                    "y": 224
                },
                {
                    "x": 104.89184731995033,
                    "y": 224
                }
            ]
        },
        {
            "id": "K1GWn5dHU",
            "type": "RECTANGLE",
            "tags": [
                "desks"
            ],
            "boundingBox": {
                "height": 27.690956772557946,
                "width": 47.22295051221027,
                "left": 64.59161902421357,
                "top": 141.17440048116723
            },
            "points": [
                {
                    "x": 64.59161902421357,
                    "y": 141.17440048116723
                },
                {
                    "x": 111.81456953642385,
                    "y": 141.17440048116723
                },
                {
                    "x": 111.81456953642385,
                    "y": 168.86535725372516
                },
                {
                    "x": 64.59161902421357,
                    "y": 168.86535725372516
                }
            ]
        }
    ],
    "version": "2.2.0"
}