{
    "asset": {
        "format": "jpg",
        "id": "88562ea08a3b17cc2ff555a18004b05c",
        "name": "desk_187.jpg",
        "path": "file:C:/Users/ryanm/OneDrive/Desktop/CKRmodel/imgs/desk_187.jpg",
        "size": {
            "width": 224,
            "height": 224
        },
        "state": 2,
        "type": 1
    },
    "regions": [
        {
            "id": "46RlDbGPZ",
            "type": "RECTANGLE",
            "tags": [
                "desks"
            ],
            "boundingBox": {
                "height": 55.876375918356786,
                "width": 60.079470198675494,
                "left": 48.27373822951159,
                "top": 132.5209750750207
            },
            "points": [
                {
                    "x": 48.27373822951159,
                    "y": 132.5209750750207
                },
                {
                    "x": 108.35320842818709,
                    "y": 132.5209750750207
                },
                {
                    "x": 108.35320842818709,
                    "y": 188.3973509933775
                },
                {
                    "x": 48.27373822951159,
                    "y": 188.3973509933775
                }
            ]
        }
    ],
    "version": "2.2.0"
}