{
    "asset": {
        "format": "jpg",
        "id": "8b0e27ab2b576e03411d4e953283b28f",
        "name": "desk_109.jpg",
        "path": "file:C:/Users/ryanm/OneDrive/Desktop/CKRmodel/imgs/desk_109.jpg",
        "size": {
            "width": 224,
            "height": 224
        },
        "state": 2,
        "type": 1
    },
    "regions": [
        {
            "id": "rR0Wtxo0R",
            "type": "RECTANGLE",
            "tags": [
                "desks"
            ],
            "boundingBox": {
                "height": 129.55408765780214,
                "width": 71.69979433981788,
                "left": 121.45695364238411,
                "top": 85.79249825382864
            },
            "points": [
                {
                    "x": 121.45695364238411,
                    "y": 85.79249825382864
                },
                {
                    "x": 193.15674798220198,
                    "y": 85.79249825382864
                },
                {
                    "x": 193.15674798220198,
                    "y": 215.3465859116308
                },
                {
                    "x": 121.45695364238411,
                    "y": 215.3465859116308
                }
            ]
        }
    ],
    "version": "2.2.0"
}