{
    "asset": {
        "format": "jpg",
        "id": "8b5d9a2b9c784509e87f208ea2993144",
        "name": "desk_193.jpg",
        "path": "file:C:/Users/ryanm/OneDrive/Desktop/CKRmodel/imgs/desk_193.jpg",
        "size": {
            "width": 224,
            "height": 224
        },
        "state": 2,
        "type": 1
    },
    "regions": [
        {
            "id": "phFE0vdda",
            "type": "RECTANGLE",
            "tags": [
                "desks"
            ],
            "boundingBox": {
                "height": 66.26049319639901,
                "width": 100.37968717663493,
                "left": 67.0640214326366,
                "top": 154.52539385865066
            },
            "points": [
                {
                    "x": 67.0640214326366,
                    "y": 154.52539385865066
                },
                {
                    "x": 167.44370860927154,
                    "y": 154.52539385865066
                },
                {
                    "x": 167.44370860927154,
                    "y": 220.78588705504967
                },
                {
                    "x": 67.0640214326366,
                    "y": 220.78588705504967
                }
            ]
        },
        {
            "id": "PAeD8nizT",
            "type": "RECTANGLE",
            "tags": [
                "desks"
            ],
            "boundingBox": {
                "height": 76.64459915666392,
                "width": 61.810150752793874,
                "left": 33.68653798892798,
                "top": 127.82340710368378
            },
            "points": [
                {
                    "x": 33.68653798892798,
                    "y": 127.82340710368378
                },
                {
                    "x": 95.49668874172185,
                    "y": 127.82340710368378
                },
                {
                    "x": 95.49668874172185,
                    "y": 204.4680062603477
                },
                {
                    "x": 33.68653798892798,
                    "y": 204.4680062603477
                }
            ]
        }
    ],
    "version": "2.2.0"
}