{
    "asset": {
        "format": "jpg",
        "id": "8b77bdcbec3a0a9272541f1b4328f352",
        "name": "desk_050.jpg",
        "path": "file:C:/Users/ryanm/OneDrive/Desktop/CKRmodel/imgs/desk_050.jpg",
        "size": {
            "width": 224,
            "height": 224
        },
        "state": 2,
        "type": 1
    },
    "regions": [
        {
            "id": "Dh_0GONk0",
            "type": "RECTANGLE",
            "tags": [
                "desks"
            ],
            "boundingBox": {
                "height": 208.67108073455609,
                "width": 213.86314220302154,
                "left": 8.220758097061259,
                "top": 2.7196477422651077
            },
            "points": [
                {
                    "x": 8.220758097061259,
                    "y": 2.7196477422651077
                },
                {
                    "x": 222.08390030008277,
                    "y": 2.7196477422651077
                },
                {
                    "x": 222.08390030008277,
                    "y": 211.3907284768212
                },
                {
                    "x": 8.220758097061259,
                    "y": 211.3907284768212
                }
            ]
        }
    ],
    "version": "2.2.0"
}