{
    "asset": {
        "format": "jpg",
        "id": "8eff8e8229058b7c146c8363229f093c",
        "name": "desk_197.jpg",
        "path": "file:C:/Users/ryanm/OneDrive/Desktop/CKRmodel/imgs/desk_197.jpg",
        "size": {
            "width": 224,
            "height": 224
        },
        "state": 2,
        "type": 1
    },
    "regions": [
        {
            "id": "-6g5KrDq0",
            "type": "RECTANGLE",
            "tags": [
                "desks"
            ],
            "boundingBox": {
                "height": 45.49226995809189,
                "width": 115.46136110823676,
                "left": 107.85873473716887,
                "top": 139.93819361806706
            },
            "points": [
                {
                    "x": 107.85873473716887,
                    "y": 139.93819361806706
                },
                {
                    "x": 223.32009584540563,
                    "y": 139.93819361806706
                },
                {
                    "x": 223.32009584540563,
                    "y": 185.43046357615896
                },
                {
                    "x": 107.85873473716887,
                    "y": 185.43046357615896
                }
            ]
        }
    ],
    "version": "2.2.0"
}