{
    "asset": {
        "format": "jpg",
        "id": "8f3e1667978d5929327bc105557e668e",
        "name": "desk_119.jpg",
        "path": "file:C:/Users/ryanm/OneDrive/Desktop/CKRmodel/imgs/desk_119.jpg",
        "size": {
            "width": 224,
            "height": 224
        },
        "state": 2,
        "type": 1
    },
    "regions": [
        {
            "id": "8Er_kIv7q",
            "type": "RECTANGLE",
            "tags": [
                "desks"
            ],
            "boundingBox": {
                "height": 155.76158940397352,
                "width": 194.3311371455919,
                "left": 17.368657194225992,
                "top": 64.0353276334851
            },
            "points": [
                {
                    "x": 17.368657194225992,
                    "y": 64.0353276334851
                },
                {
                    "x": 211.69979433981788,
                    "y": 64.0353276334851
                },
                {
                    "x": 211.69979433981788,
                    "y": 219.79691703745863
                },
                {
                    "x": 17.368657194225992,
                    "y": 219.79691703745863
                }
            ]
        }
    ],
    "version": "2.2.0"
}