{
    "asset": {
        "format": "jpg",
        "id": "9667fb98c71fd03211cd2641a7e1d331",
        "name": "desk_157.jpg",
        "path": "file:C:/Users/ryanm/OneDrive/Desktop/CKRmodel/imgs/desk_157.jpg",
        "size": {
            "width": 224,
            "height": 224
        },
        "state": 2,
        "type": 1
    },
    "regions": [
        {
            "id": "TOhAsvOSK",
            "type": "RECTANGLE",
            "tags": [
                "desks"
            ],
            "boundingBox": {
                "height": 50.68432293822434,
                "width": 126.27814569536424,
                "left": 97.72185430463577,
                "top": 81.09493028249172
            },
            "points": [
                {
                    "x": 97.72185430463577,
                    "y": 81.09493028249172
                },
                {
                    "x": 224,
                    "y": 81.09493028249172
                },
                {
                    "x": 224,
                    "y": 131.77925322071607
                },
                {
                    "x": 97.72185430463577,
                    "y": 131.77925322071607
                }
            ]
        },
        {
            "id": "rMXQCBkDD",
            "type": "RECTANGLE",
            "tags": [
                "desks"
            ],
            "boundingBox": {
                "height": 41.289186995550494,
                "width": 104.83002962024007,
                "left": 8.220758097061259,
                "top": 46.728476821192054
            },
            "points": [
                {
                    "x": 8.220758097061259,
                    "y": 46.728476821192054
                },
                {
                    "x": 113.05078771730133,
                    "y": 46.728476821192054
                },
                {
                    "x": 113.05078771730133,
                    "y": 88.01766381674256
                },
                {
                    "x": 8.220758097061259,
                    "y": 88.01766381674256
                }
            ]
        }
    ],
    "version": "2.2.0"
}