{
    "asset": {
        "format": "jpg",
        "id": "9b19347116249725e6986422d2285000",
        "name": "desk_031.jpg",
        "path": "file:C:/Users/ryanm/OneDrive/Desktop/CKRmodel/imgs/desk_031.jpg",
        "size": {
            "width": 224,
            "height": 224
        },
        "state": 2,
        "type": 1
    },
    "regions": [
        {
            "id": "OEvRvf33T",
            "type": "RECTANGLE",
            "tags": [
                "desks"
            ],
            "boundingBox": {
                "height": 143.89403973509934,
                "width": 189.88079470198676,
                "left": 8.715231788079471,
                "top": 61.06844021626656
            },
            "points": [
                {
                    "x": 8.715231788079471,
                    "y": 61.06844021626656
                },
                {
                    "x": 198.59602649006624,
                    "y": 61.06844021626656
                },
                {
                    "x": 198.59602649006624,
                    "y": 204.9624799513659
                },
                {
                    "x": 8.715231788079471,
                    "y": 204.9624799513659
                }
            ]
        }
    ],
    "version": "2.2.0"
}