{
    "asset": {
        "format": "jpg",
        "id": "9dbc943b6360b74fdc3080c723627aa7",
        "name": "desk_194.jpg",
        "path": "file:C:/Users/ryanm/OneDrive/Desktop/CKRmodel/imgs/desk_194.jpg",
        "size": {
            "width": 224,
            "height": 224
        },
        "state": 2,
        "type": 1
    },
    "regions": [
        {
            "id": "Nc6oRxoL6",
            "type": "RECTANGLE",
            "tags": [
                "desks"
            ],
            "boundingBox": {
                "height": 86.53420879035596,
                "width": 96.17659289631622,
                "left": 67.55850644143212,
                "top": 110.76380445467716
            },
            "points": [
                {
                    "x": 67.55850644143212,
                    "y": 110.76380445467716
                },
                {
                    "x": 163.73509933774835,
                    "y": 110.76380445467716
                },
                {
                    "x": 163.73509933774835,
                    "y": 197.2980132450331
                },
                {
                    "x": 67.55850644143212,
                    "y": 197.2980132450331
                }
            ]
        },
        {
            "id": "jYEM2r2WP",
            "type": "RECTANGLE",
            "tags": [
                "desks"
            ],
            "boundingBox": {
                "height": 20.273726911734272,
                "width": 49.6953642384106,
                "left": 86.59602649006622,
                "top": 83.56733269091474
            },
            "points": [
                {
                    "x": 86.59602649006622,
                    "y": 83.56733269091474
                },
                {
                    "x": 136.2913907284768,
                    "y": 83.56733269091474
                },
                {
                    "x": 136.2913907284768,
                    "y": 103.84105960264901
                },
                {
                    "x": 86.59602649006622,
                    "y": 103.84105960264901
                }
            ]
        }
    ],
    "version": "2.2.0"
}