{
    "asset": {
        "format": "jpg",
        "id": "9dedf9a8872fd034046dcf9ea5ab6ea8",
        "name": "desk_162.jpg",
        "path": "file:C:/Users/ryanm/OneDrive/Desktop/CKRmodel/imgs/desk_162.jpg",
        "size": {
            "width": 224,
            "height": 224
        },
        "state": 2,
        "type": 1
    },
    "regions": [
        {
            "id": "Uq4EQLiD7",
            "type": "RECTANGLE",
            "tags": [
                "desks"
            ],
            "boundingBox": {
                "height": 56.61809777266142,
                "width": 102.60486405732615,
                "left": 62.11920529801325,
                "top": 115.46137242601408
            },
            "points": [
                {
                    "x": 62.11920529801325,
                    "y": 115.46137242601408
                },
                {
                    "x": 164.7240693553394,
                    "y": 115.46137242601408
                },
                {
                    "x": 164.7240693553394,
                    "y": 172.0794701986755
                },
                {
                    "x": 62.11920529801325,
                    "y": 172.0794701986755
                }
            ]
        },
        {
            "id": "txDa4uKH7",
            "type": "RECTANGLE",
            "tags": [
                "desks"
            ],
            "boundingBox": {
                "height": 25.465779891866724,
                "width": 61.06841758071192,
                "left": 85.60707910802981,
                "top": 78.86976471957782
            },
            "points": [
                {
                    "x": 85.60707910802981,
                    "y": 78.86976471957782
                },
                {
                    "x": 146.67549668874173,
                    "y": 78.86976471957782
                },
                {
                    "x": 146.67549668874173,
                    "y": 104.33554461144453
                },
                {
                    "x": 85.60707910802981,
                    "y": 104.33554461144453
                }
            ]
        },
        {
            "id": "i0C2yljEc",
            "type": "RECTANGLE",
            "tags": [
                "desks"
            ],
            "boundingBox": {
                "height": 23.240614328952816,
                "width": 66.5077187241308,
                "left": 5.2538706798427155,
                "top": 75.90287730235927
            },
            "points": [
                {
                    "x": 5.2538706798427155,
                    "y": 75.90287730235927
                },
                {
                    "x": 71.76158940397352,
                    "y": 75.90287730235927
                },
                {
                    "x": 71.76158940397352,
                    "y": 99.14349163131209
                },
                {
                    "x": 5.2538706798427155,
                    "y": 99.14349163131209
                }
            ]
        }
    ],
    "version": "2.2.0"
}