{
    "asset": {
        "format": "jpg",
        "id": "a0412bf58a8207aef10ff5f595808569",
        "name": "desk_058.jpg",
        "path": "file:C:/Users/ryanm/OneDrive/Desktop/CKRmodel/imgs/desk_058.jpg",
        "size": {
            "width": 224,
            "height": 224
        },
        "state": 2,
        "type": 1
    },
    "regions": [
        {
            "id": "Q9wjyf2Q6",
            "type": "RECTANGLE",
            "tags": [
                "desks"
            ],
            "boundingBox": {
                "height": 60.32671836196192,
                "width": 154.52539385865066,
                "left": 0.0618176997102649,
                "top": 147.84989716990896
            },
            "points": [
                {
                    "x": 0.0618176997102649,
                    "y": 147.84989716990896
                },
                {
                    "x": 154.58721155836093,
                    "y": 147.84989716990896
                },
                {
                    "x": 154.58721155836093,
                    "y": 208.17661553187085
                },
                {
                    "x": 0.0618176997102649,
                    "y": 208.17661553187085
                }
            ]
        }
    ],
    "version": "2.2.0"
}