{
    "asset": {
        "format": "jpg",
        "id": "a2c667ccf6ce5d855bc87fdce3f59f58",
        "name": "desk_014.jpg",
        "path": "file:C:/Users/ryanm/OneDrive/Desktop/CKRmodel/imgs/desk_014.jpg",
        "size": {
            "width": 224,
            "height": 224
        },
        "state": 2,
        "type": 1
    },
    "regions": [
        {
            "id": "jNUJWkNkf",
            "type": "RECTANGLE",
            "tags": [
                "desks"
            ],
            "boundingBox": {
                "height": 205.40274308782529,
                "width": 213.72986792809016,
                "left": 5.5514292663801115,
                "top": 7.633226359200743
            },
            "points": [
                {
                    "x": 5.5514292663801115,
                    "y": 7.633226359200743
                },
                {
                    "x": 219.28129719447026,
                    "y": 7.633226359200743
                },
                {
                    "x": 219.28129719447026,
                    "y": 213.03596944702602
                },
                {
                    "x": 5.5514292663801115,
                    "y": 213.03596944702602
                }
            ]
        }
    ],
    "version": "2.2.0"
}