{
    "asset": {
        "format": "jpg",
        "id": "a3bbcfb6865312613b2893db1977b877",
        "name": "desk_118.jpg",
        "path": "file:C:/Users/ryanm/OneDrive/Desktop/CKRmodel/imgs/desk_118.jpg",
        "size": {
            "width": 224,
            "height": 224
        },
        "state": 2,
        "type": 1
    },
    "regions": [
        {
            "id": "6Fapejcxv",
            "type": "RECTANGLE",
            "tags": [
                "desks"
            ],
            "boundingBox": {
                "height": 91.7262617704884,
                "width": 106.56069885658113,
                "left": 64.59161902421357,
                "top": 111.50552630898179
            },
            "points": [
                {
                    "x": 64.59161902421357,
                    "y": 111.50552630898179
                },
                {
                    "x": 171.1523178807947,
                    "y": 111.50552630898179
                },
                {
                    "x": 171.1523178807947,
                    "y": 203.2317880794702
                },
                {
                    "x": 64.59161902421357,
                    "y": 203.2317880794702
                }
            ]
        }
    ],
    "version": "2.2.0"
}