{
    "asset": {
        "format": "jpg",
        "id": "a72e66753de91090e609fdf9affbc65b",
        "name": "desk_106.jpg",
        "path": "file:C:/Users/ryanm/OneDrive/Desktop/CKRmodel/imgs/desk_106.jpg",
        "size": {
            "width": 224,
            "height": 224
        },
        "state": 2,
        "type": 1
    },
    "regions": [
        {
            "id": "A6UmKwmWL",
            "type": "RECTANGLE",
            "tags": [
                "desks"
            ],
            "boundingBox": {
                "height": 135.24061432895283,
                "width": 179.24946321399008,
                "left": 25.033112582781456,
                "top": 88.75938567104718
            },
            "points": [
                {
                    "x": 25.033112582781456,
                    "y": 88.75938567104718
                },
                {
                    "x": 204.28257579677154,
                    "y": 88.75938567104718
                },
                {
                    "x": 204.28257579677154,
                    "y": 224
                },
                {
                    "x": 25.033112582781456,
                    "y": 224
                }
            ]
        }
    ],
    "version": "2.2.0"
}