{
    "asset": {
        "format": "jpg",
        "id": "a7da71b2789d4da9058278f3747c0dde",
        "name": "desk_055.jpg",
        "path": "file:C:/Users/ryanm/OneDrive/Desktop/CKRmodel/imgs/desk_055.jpg",
        "size": {
            "width": 224,
            "height": 224
        },
        "state": 2,
        "type": 1
    },
    "regions": [
        {
            "id": "zKsih0m0A",
            "type": "RECTANGLE",
            "tags": [
                "desks"
            ],
            "boundingBox": {
                "height": 166.1456953642384,
                "width": 151.0640327504139,
                "left": 39.867549668874176,
                "top": 30.410596026490065
            },
            "points": [
                {
                    "x": 39.867549668874176,
                    "y": 30.410596026490065
                },
                {
                    "x": 190.93158241928808,
                    "y": 30.410596026490065
                },
                {
                    "x": 190.93158241928808,
                    "y": 196.5562913907285
                },
                {
                    "x": 39.867549668874176,
                    "y": 196.5562913907285
                }
            ]
        }
    ],
    "version": "2.2.0"
}