{
    "asset": {
        "format": "jpg",
        "id": "ab6fb12cf9f86638c4b9ff183193252b",
        "name": "desk_142.jpg",
        "path": "file:C:/Users/ryanm/OneDrive/Desktop/CKRmodel/imgs/desk_142.jpg",
        "size": {
            "width": 224,
            "height": 224
        },
        "state": 2,
        "type": 1
    },
    "regions": [
        {
            "id": "a7zhoA2ao",
            "type": "RECTANGLE",
            "tags": [
                "desks"
            ],
            "boundingBox": {
                "height": 86.03973509933775,
                "width": 214.60485273954885,
                "left": 4.01766381674255,
                "top": 114.96688741721854
            },
            "points": [
                {
                    "x": 4.01766381674255,
                    "y": 114.96688741721854
                },
                {
                    "x": 218.6225165562914,
                    "y": 114.96688741721854
                },
                {
                    "x": 218.6225165562914,
                    "y": 201.0066225165563
                },
                {
                    "x": 4.01766381674255,
                    "y": 201.0066225165563
                }
            ]
        }
    ],
    "version": "2.2.0"
}