{
    "asset": {
        "format": "jpg",
        "id": "adf99b1bb0b2f00619950dc4d55d1172",
        "name": "desk_001.jpg",
        "path": "file:C:/Users/ryanm/OneDrive/Desktop/CKRmodel/imgs/desk_001.jpg",
        "size": {
            "width": 224,
            "height": 224
        },
        "state": 2,
        "type": 1
    },
    "regions": [
        {
            "id": "hU-svJnol",
            "type": "RECTANGLE",
            "tags": [
                "desks"
            ],
            "boundingBox": {
                "height": 200.40646055994424,
                "width": 210.39900020329927,
                "left": 2.7757209862918217,
                "top": 15.821561338289964
            },
            "points": [
                {
                    "x": 2.7757209862918217,
                    "y": 15.821561338289964
                },
                {
                    "x": 213.17472118959108,
                    "y": 15.821561338289964
                },
                {
                    "x": 213.17472118959108,
                    "y": 216.2280218982342
                },
                {
                    "x": 2.7757209862918217,
                    "y": 216.2280218982342
                }
            ]
        }
    ],
    "version": "2.2.0"
}