{
    "asset": {
        "format": "jpg",
        "id": "b0699ff2326d0b95049ba3e0495e8f2f",
        "name": "desk_130.jpg",
        "path": "file:C:/Users/ryanm/OneDrive/Desktop/CKRmodel/imgs/desk_130.jpg",
        "size": {
            "width": 224,
            "height": 224
        },
        "state": 2,
        "type": 1
    },
    "regions": [
        {
            "id": "C4p51w0iS",
            "type": "RECTANGLE",
            "tags": [
                "desks"
            ],
            "boundingBox": {
                "height": 85.29801324503312,
                "width": 86.28698326262418,
                "left": 67.3112582781457,
                "top": 134.25165562913907
            },
            "points": [
                {
                    "x": 67.3112582781457,
                    "y": 134.25165562913907
                },
                {
                    "x": 153.59824154076986,
                    "y": 134.25165562913907
                },
                {
                    "x": 153.59824154076986,
                    "y": 219.5496688741722
                },
                {
                    "x": 67.3112582781457,
                    "y": 219.5496688741722
                }
            ]
        },
        {
            "id": "57ZSKuiL4",
            "type": "RECTANGLE",
            "tags": [
                "desks"
            ],
            "boundingBox": {
                "height": 39.80574328694122,
                "width": 53.898447200951985,
                "left": 70.03092016763244,
                "top": 75.40839229356374
            },
            "points": [
                {
                    "x": 70.03092016763244,
                    "y": 75.40839229356374
                },
                {
                    "x": 123.92936736858444,
                    "y": 75.40839229356374
                },
                {
                    "x": 123.92936736858444,
                    "y": 115.21413558050497
                },
                {
                    "x": 70.03092016763244,
                    "y": 115.21413558050497
                }
            ]
        },
        {
            "id": "FSKyvTXma",
            "type": "RECTANGLE",
            "tags": [
                "desks"
            ],
            "boundingBox": {
                "height": 42.525393858650666,
                "width": 52.90948850113825,
                "left": 8.467994942570364,
                "top": 77.88079470198676
            },
            "points": [
                {
                    "x": 8.467994942570364,
                    "y": 77.88079470198676
                },
                {
                    "x": 61.37748344370861,
                    "y": 77.88079470198676
                },
                {
                    "x": 61.37748344370861,
                    "y": 120.40618856063742
                },
                {
                    "x": 8.467994942570364,
                    "y": 120.40618856063742
                }
            ]
        }
    ],
    "version": "2.2.0"
}