{
    "asset": {
        "format": "jpg",
        "id": "b22a7a287999ca499ea1018040786e43",
        "name": "desk_052.jpg",
        "path": "file:C:/Users/ryanm/OneDrive/Desktop/CKRmodel/imgs/desk_052.jpg",
        "size": {
            "width": 224,
            "height": 224
        },
        "state": 2,
        "type": 1
    },
    "regions": [
        {
            "id": "0oPJQS4EL",
            "type": "RECTANGLE",
            "tags": [
                "desks"
            ],
            "boundingBox": {
                "height": 217.81898266116517,
                "width": 174.0573989160803,
                "left": 24.044153882967716,
                "top": 3.214129921616308
            },
            "points": [
                {
                    "x": 24.044153882967716,
                    "y": 3.214129921616308
                },
                {
                    "x": 198.10155279904802,
                    "y": 3.214129921616308
                },
                {
                    "x": 198.10155279904802,
                    "y": 221.03311258278146
                },
                {
                    "x": 24.044153882967716,
                    "y": 221.03311258278146
                }
            ]
        }
    ],
    "version": "2.2.0"
}