{
    "asset": {
        "format": "jpg",
        "id": "b2a36bf3ff19c0ca44e5334eba128f14",
        "name": "desk_146.jpg",
        "path": "file:C:/Users/ryanm/OneDrive/Desktop/CKRmodel/imgs/desk_146.jpg",
        "size": {
            "width": 224,
            "height": 224
        },
        "state": 2,
        "type": 1
    },
    "regions": [
        {
            "id": "m_CztGgTJ",
            "type": "RECTANGLE",
            "tags": [
                "desks"
            ],
            "boundingBox": {
                "height": 214.11037338964198,
                "width": 168.61810909043874,
                "left": 32.69757928911424,
                "top": 6.922739193139487
            },
            "points": [
                {
                    "x": 32.69757928911424,
                    "y": 6.922739193139487
                },
                {
                    "x": 201.315688379553,
                    "y": 6.922739193139487
                },
                {
                    "x": 201.315688379553,
                    "y": 221.03311258278146
                },
                {
                    "x": 32.69757928911424,
                    "y": 221.03311258278146
                }
            ]
        }
    ],
    "version": "2.2.0"
}