{
    "asset": {
        "format": "jpg",
        "id": "b6233153aa3581c4ca06546c6d8ac3cc",
        "name": "desk_067.jpg",
        "path": "file:C:/Users/ryanm/OneDrive/Desktop/CKRmodel/imgs/desk_067.jpg",
        "size": {
            "width": 224,
            "height": 224
        },
        "state": 2,
        "type": 1
    },
    "regions": [
        {
            "id": "20661HVg1",
            "type": "RECTANGLE",
            "tags": [
                "desks"
            ],
            "boundingBox": {
                "height": 56.123624081643214,
                "width": 50.93157110151076,
                "left": 18.852100902835264,
                "top": 149.5805777240273
            },
            "points": [
                {
                    "x": 18.852100902835264,
                    "y": 149.5805777240273
                },
                {
                    "x": 69.78367200434603,
                    "y": 149.5805777240273
                },
                {
                    "x": 69.78367200434603,
                    "y": 205.70420180567052
                },
                {
                    "x": 18.852100902835264,
                    "y": 205.70420180567052
                }
            ]
        },
        {
            "id": "JwyoXEv7I",
            "type": "RECTANGLE",
            "tags": [
                "desks"
            ],
            "boundingBox": {
                "height": 41.5364238410596,
                "width": 100.37969849441225,
                "left": 109.83665213679636,
                "top": 182.4635761589404
            },
            "points": [
                {
                    "x": 109.83665213679636,
                    "y": 182.4635761589404
                },
                {
                    "x": 210.21635063120863,
                    "y": 182.4635761589404
                },
                {
                    "x": 210.21635063120863,
                    "y": 224
                },
                {
                    "x": 109.83665213679636,
                    "y": 224
                }
            ]
        },
        {
            "id": "r2V0APV4a",
            "type": "RECTANGLE",
            "tags": [
                "desks"
            ],
            "boundingBox": {
                "height": 37.333340878518214,
                "width": 74.91390728476821,
                "left": 105.38632101096854,
                "top": 137.46579120964404
            },
            "points": [
                {
                    "x": 105.38632101096854,
                    "y": 137.46579120964404
                },
                {
                    "x": 180.30022829573676,
                    "y": 137.46579120964404
                },
                {
                    "x": 180.30022829573676,
                    "y": 174.79913208816225
                },
                {
                    "x": 105.38632101096854,
                    "y": 174.79913208816225
                }
            ]
        }
    ],
    "version": "2.2.0"
}