{
    "asset": {
        "format": "jpg",
        "id": "b6773b819cc50abe0d576e89ac7dfccf",
        "name": "desk_121.jpg",
        "path": "file:C:/Users/ryanm/OneDrive/Desktop/CKRmodel/imgs/desk_121.jpg",
        "size": {
            "width": 224,
            "height": 224
        },
        "state": 2,
        "type": 1
    },
    "regions": [
        {
            "id": "IDkHDH4nZ",
            "type": "RECTANGLE",
            "tags": [
                "desks"
            ],
            "boundingBox": {
                "height": 86.78145695364239,
                "width": 94.94039735099338,
                "left": 78.93158241928808,
                "top": 67.99117375051739
            },
            "points": [
                {
                    "x": 78.93158241928808,
                    "y": 67.99117375051739
                },
                {
                    "x": 173.87197977028146,
                    "y": 67.99117375051739
                },
                {
                    "x": 173.87197977028146,
                    "y": 154.77263070415978
                },
                {
                    "x": 78.93158241928808,
                    "y": 154.77263070415978
                }
            ]
        }
    ],
    "version": "2.2.0"
}