{
    "asset": {
        "format": "jpg",
        "id": "b83474621394a73a9dbb1b045810216a",
        "name": "desk_179.jpg",
        "path": "file:C:/Users/ryanm/OneDrive/Desktop/CKRmodel/imgs/desk_179.jpg",
        "size": {
            "width": 224,
            "height": 224
        },
        "state": 2,
        "type": 1
    },
    "regions": [
        {
            "id": "RmaodZtKl",
            "type": "RECTANGLE",
            "tags": [
                "desks"
            ],
            "boundingBox": {
                "height": 79.61147525610514,
                "width": 102.35761589403974,
                "left": 93.02429765107615,
                "top": 120.65342540614652
            },
            "points": [
                {
                    "x": 93.02429765107615,
                    "y": 120.65342540614652
                },
                {
                    "x": 195.3819135451159,
                    "y": 120.65342540614652
                },
                {
                    "x": 195.3819135451159,
                    "y": 200.26490066225165
                },
                {
                    "x": 93.02429765107615,
                    "y": 200.26490066225165
                }
            ]
        }
    ],
    "version": "2.2.0"
}