{
    "asset": {
        "format": "jpg",
        "id": "b9dd565befecfe908ed6cfb9d7db58d5",
        "name": "desk_154.jpg",
        "path": "file:C:/Users/ryanm/OneDrive/Desktop/CKRmodel/imgs/desk_154.jpg",
        "size": {
            "width": 224,
            "height": 224
        },
        "state": 2,
        "type": 1
    },
    "regions": [
        {
            "id": "D08CKqAeB",
            "type": "RECTANGLE",
            "tags": [
                "desks"
            ],
            "boundingBox": {
                "height": 107.79690571968129,
                "width": 70.71082432222683,
                "left": 112.8035395540149,
                "top": 82.08388898230547
            },
            "points": [
                {
                    "x": 112.8035395540149,
                    "y": 82.08388898230547
                },
                {
                    "x": 183.51436387624173,
                    "y": 82.08388898230547
                },
                {
                    "x": 183.51436387624173,
                    "y": 189.88079470198676
                },
                {
                    "x": 112.8035395540149,
                    "y": 189.88079470198676
                }
            ]
        },
        {
            "id": "4QoEn0nJy",
            "type": "RECTANGLE",
            "tags": [
                "desks"
            ],
            "boundingBox": {
                "height": 121.14789909716474,
                "width": 64.77704948778974,
                "left": 46.79029452090232,
                "top": 70.95806116773593
            },
            "points": [
                {
                    "x": 46.79029452090232,
                    "y": 70.95806116773593
                },
                {
                    "x": 111.56734400869206,
                    "y": 70.95806116773593
                },
                {
                    "x": 111.56734400869206,
                    "y": 192.10596026490066
                },
                {
                    "x": 46.79029452090232,
                    "y": 192.10596026490066
                }
            ]
        }
    ],
    "version": "2.2.0"
}