{
    "asset": {
        "format": "jpg",
        "id": "bccdf1dd6f75c71841ddcacbf12380f7",
        "name": "desk_114.jpg",
        "path": "file:C:/Users/ryanm/OneDrive/Desktop/CKRmodel/imgs/desk_114.jpg",
        "size": {
            "width": 224,
            "height": 224
        },
        "state": 2,
        "type": 1
    },
    "regions": [
        {
            "id": "v6Z0ln2Gv",
            "type": "RECTANGLE",
            "tags": [
                "desks"
            ],
            "boundingBox": {
                "height": 71.69977170426324,
                "width": 173.56291390728478,
                "left": 5.006622516556291,
                "top": 152.30022829573676
            },
            "points": [
                {
                    "x": 5.006622516556291,
                    "y": 152.30022829573676
                },
                {
                    "x": 178.56953642384107,
                    "y": 152.30022829573676
                },
                {
                    "x": 178.56953642384107,
                    "y": 224
                },
                {
                    "x": 5.006622516556291,
                    "y": 224
                }
            ]
        },
        {
            "id": "qspc-n6Tm",
            "type": "RECTANGLE",
            "tags": [
                "desks"
            ],
            "boundingBox": {
                "height": 52.66225165562914,
                "width": 63.29360577918047,
                "left": 49.50993377483444,
                "top": 82.08388898230547
            },
            "points": [
                {
                    "x": 49.50993377483444,
                    "y": 82.08388898230547
                },
                {
                    "x": 112.8035395540149,
                    "y": 82.08388898230547
                },
                {
                    "x": 112.8035395540149,
                    "y": 134.74614063793462
                },
                {
                    "x": 49.50993377483444,
                    "y": 134.74614063793462
                }
            ]
        }
    ],
    "version": "2.2.0"
}