{
    "asset": {
        "format": "jpg",
        "id": "bf99ff5918aad06455eaf0e569c6871e",
        "name": "desk_198.jpg",
        "path": "file:C:/Users/ryanm/OneDrive/Desktop/CKRmodel/imgs/desk_198.jpg",
        "size": {
            "width": 224,
            "height": 224
        },
        "state": 2,
        "type": 1
    },
    "regions": [
        {
            "id": "UgMNp0x7a",
            "type": "RECTANGLE",
            "tags": [
                "desks"
            ],
            "boundingBox": {
                "height": 101.6158940397351,
                "width": 127.32891077711093,
                "left": 31.21413558050497,
                "top": 116.45033112582782
            },
            "points": [
                {
                    "x": 31.21413558050497,
                    "y": 116.45033112582782
                },
                {
                    "x": 158.5430463576159,
                    "y": 116.45033112582782
                },
                {
                    "x": 158.5430463576159,
                    "y": 218.0662251655629
                },
                {
                    "x": 31.21413558050497,
                    "y": 218.0662251655629
                }
            ]
        },
        {
            "id": "aGFKpJ8By",
            "type": "RECTANGLE",
            "tags": [
                "desks"
            ],
            "boundingBox": {
                "height": 100.13245033112582,
                "width": 76.64459915666392,
                "left": 124.67108922288908,
                "top": 92.71523178807948
            },
            "points": [
                {
                    "x": 124.67108922288908,
                    "y": 92.71523178807948
                },
                {
                    "x": 201.315688379553,
                    "y": 92.71523178807948
                },
                {
                    "x": 201.315688379553,
                    "y": 192.8476821192053
                },
                {
                    "x": 124.67108922288908,
                    "y": 192.8476821192053
                }
            ]
        }
    ],
    "version": "2.2.0"
}