{
    "asset": {
        "format": "jpg",
        "id": "c497bee8124411234cc2375e7dadcf59",
        "name": "desk_200.jpg",
        "path": "file:C:/Users/ryanm/OneDrive/Desktop/CKRmodel/imgs/desk_200.jpg",
        "size": {
            "width": 224,
            "height": 224
        },
        "state": 2,
        "type": 1
    },
    "regions": [
        {
            "id": "PBsD-nKC5",
            "type": "RECTANGLE",
            "tags": [
                "desks"
            ],
            "boundingBox": {
                "height": 180.23841625491517,
                "width": 126.3399633950745,
                "left": 60.14128789838576,
                "top": 41.041944491152734
            },
            "points": [
                {
                    "x": 60.14128789838576,
                    "y": 41.041944491152734
                },
                {
                    "x": 186.48125129346028,
                    "y": 41.041944491152734
                },
                {
                    "x": 186.48125129346028,
                    "y": 221.28036074606788
                },
                {
                    "x": 60.14128789838576,
                    "y": 221.28036074606788
                }
            ]
        }
    ],
    "version": "2.2.0"
}