{
    "asset": {
        "format": "jpg",
        "id": "c654f0077e721b2340553f540b5468f1",
        "name": "desk_192.jpg",
        "path": "file:C:/Users/ryanm/OneDrive/Desktop/CKRmodel/imgs/desk_192.jpg",
        "size": {
            "width": 224,
            "height": 224
        },
        "state": 2,
        "type": 1
    },
    "regions": [
        {
            "id": "0LpCO4HQt",
            "type": "RECTANGLE",
            "tags": [
                "desks"
            ],
            "boundingBox": {
                "height": 64.77704948778974,
                "width": 64.46798362479305,
                "left": 159.53201637520695,
                "top": 127.82340710368378
            },
            "points": [
                {
                    "x": 159.53201637520695,
                    "y": 127.82340710368378
                },
                {
                    "x": 224,
                    "y": 127.82340710368378
                },
                {
                    "x": 224,
                    "y": 192.60045659147352
                },
                {
                    "x": 159.53201637520695,
                    "y": 192.60045659147352
                }
            ]
        }
    ],
    "version": "2.2.0"
}