{
    "asset": {
        "format": "jpg",
        "id": "c70a29580acb206354c1d727dbe86e4b",
        "name": "desk_096.jpg",
        "path": "file:C:/Users/ryanm/OneDrive/Desktop/CKRmodel/imgs/desk_096.jpg",
        "size": {
            "width": 224,
            "height": 224
        },
        "state": 2,
        "type": 1
    },
    "regions": [
        {
            "id": "uQlQo0Vew",
            "type": "RECTANGLE",
            "tags": [
                "desks"
            ],
            "boundingBox": {
                "height": 179.49669440061052,
                "width": 224,
                "left": 0,
                "top": 23.98234184214611
            },
            "points": [
                {
                    "x": 0,
                    "y": 23.98234184214611
                },
                {
                    "x": 224,
                    "y": 23.98234184214611
                },
                {
                    "x": 224,
                    "y": 203.47903624275662
                },
                {
                    "x": 0,
                    "y": 203.47903624275662
                }
            ]
        }
    ],
    "version": "2.2.0"
}