{
    "asset": {
        "format": "jpg",
        "id": "cd9176340fc3e2d59f7614e9f6860e86",
        "name": "desk_036.jpg",
        "path": "file:C:/Users/ryanm/OneDrive/Desktop/CKRmodel/imgs/desk_036.jpg",
        "size": {
            "width": 224,
            "height": 224
        },
        "state": 2,
        "type": 1
    },
    "regions": [
        {
            "id": "9rp1NkXMb",
            "type": "RECTANGLE",
            "tags": [
                "desks"
            ],
            "boundingBox": {
                "height": 214.60486971621484,
                "width": 220.22957302876657,
                "left": 3.770426971233444,
                "top": 4.6975736302255795
            },
            "points": [
                {
                    "x": 3.770426971233444,
                    "y": 4.6975736302255795
                },
                {
                    "x": 224,
                    "y": 4.6975736302255795
                },
                {
                    "x": 224,
                    "y": 219.3024433464404
                },
                {
                    "x": 3.770426971233444,
                    "y": 219.3024433464404
                }
            ]
        }
    ],
    "version": "2.2.0"
}