{
    "asset": {
        "format": "jpg",
        "id": "d17bee70c7a761d02446c7954161cefd",
        "name": "desk_150.jpg",
        "path": "file:C:/Users/ryanm/OneDrive/Desktop/CKRmodel/imgs/desk_150.jpg",
        "size": {
            "width": 224,
            "height": 224
        },
        "state": 2,
        "type": 1
    },
    "regions": [
        {
            "id": "q1OIT1xGm",
            "type": "RECTANGLE",
            "tags": [
                "desks"
            ],
            "boundingBox": {
                "height": 23.240625646730134,
                "width": 44.75054810378725,
                "left": 64.09713401541805,
                "top": 135.98234750103478
            },
            "points": [
                {
                    "x": 64.09713401541805,
                    "y": 135.98234750103478
                },
                {
                    "x": 108.8476821192053,
                    "y": 135.98234750103478
                },
                {
                    "x": 108.8476821192053,
                    "y": 159.2229731477649
                },
                {
                    "x": 64.09713401541805,
                    "y": 159.2229731477649
                }
            ]
        },
        {
            "id": "rU4zHysez",
            "type": "RECTANGLE",
            "tags": [
                "desks"
            ],
            "boundingBox": {
                "height": 30.410596026490065,
                "width": 57.11258278145696,
                "left": 96.2384105960265,
                "top": 161.44813871067882
            },
            "points": [
                {
                    "x": 96.2384105960265,
                    "y": 161.44813871067882
                },
                {
                    "x": 153.35099337748343,
                    "y": 161.44813871067882
                },
                {
                    "x": 153.35099337748343,
                    "y": 191.85873473716887
                },
                {
                    "x": 96.2384105960265,
                    "y": 191.85873473716887
                }
            ]
        }
    ],
    "version": "2.2.0"
}