{
    "asset": {
        "format": "jpg",
        "id": "d2378fd8e54ce3c4c5182905640aa54a",
        "name": "desk_024.jpg",
        "path": "file:C:/Users/ryanm/OneDrive/Desktop/CKRmodel/imgs/desk_024.jpg",
        "size": {
            "width": 224,
            "height": 224
        },
        "state": 2,
        "type": 1
    },
    "regions": [
        {
            "id": "K_cJ2ocTc",
            "type": "RECTANGLE",
            "tags": [
                "desks"
            ],
            "boundingBox": {
                "height": 183.45254617653146,
                "width": 169.1125940992343,
                "left": 23.30243202866308,
                "top": 36.34437086092715
            },
            "points": [
                {
                    "x": 23.30243202866308,
                    "y": 36.34437086092715
                },
                {
                    "x": 192.41502612789736,
                    "y": 36.34437086092715
                },
                {
                    "x": 192.41502612789736,
                    "y": 219.79691703745863
                },
                {
                    "x": 23.30243202866308,
                    "y": 219.79691703745863
                }
            ]
        }
    ],
    "version": "2.2.0"
}