{
    "asset": {
        "format": "jpg",
        "id": "d29344074b741167ee5c535904744e34",
        "name": "desk_165.jpg",
        "path": "file:C:/Users/ryanm/OneDrive/Desktop/CKRmodel/imgs/desk_165.jpg",
        "size": {
            "width": 224,
            "height": 224
        },
        "state": 2,
        "type": 1
    },
    "regions": [
        {
            "id": "pk8P8dvYc",
            "type": "RECTANGLE",
            "tags": [
                "desks"
            ],
            "boundingBox": {
                "height": 40.794701986754966,
                "width": 69.96910246792218,
                "left": 117.74834437086093,
                "top": 163.67330427359272
            },
            "points": [
                {
                    "x": 117.74834437086093,
                    "y": 163.67330427359272
                },
                {
                    "x": 187.7174468387831,
                    "y": 163.67330427359272
                },
                {
                    "x": 187.7174468387831,
                    "y": 204.4680062603477
                },
                {
                    "x": 117.74834437086093,
                    "y": 204.4680062603477
                }
            ]
        },
        {
            "id": "b32u-GfXH",
            "type": "RECTANGLE",
            "tags": [
                "desks"
            ],
            "boundingBox": {
                "height": 34.613678989031456,
                "width": 54.64018037303394,
                "left": 32.944816134623345,
                "top": 162.18986056498343
            },
            "points": [
                {
                    "x": 32.944816134623345,
                    "y": 162.18986056498343
                },
                {
                    "x": 87.58499650765728,
                    "y": 162.18986056498343
                },
                {
                    "x": 87.58499650765728,
                    "y": 196.80353955401492
                },
                {
                    "x": 32.944816134623345,
                    "y": 196.80353955401492
                }
            ]
        }
    ],
    "version": "2.2.0"
}