{
    "asset": {
        "format": "jpg",
        "id": "d3d1c6f1940d5f585d901a7c46478920",
        "name": "desk_168.jpg",
        "path": "file:C:/Users/ryanm/OneDrive/Desktop/CKRmodel/imgs/desk_168.jpg",
        "size": {
            "width": 224,
            "height": 224
        },
        "state": 2,
        "type": 1
    },
    "regions": [
        {
            "id": "hL5paxhO6",
            "type": "RECTANGLE",
            "tags": [
                "desks"
            ],
            "boundingBox": {
                "height": 32.63576158940398,
                "width": 59.337748344370866,
                "left": 74.48125129346026,
                "top": 132.2737382295116
            },
            "points": [
                {
                    "x": 74.48125129346026,
                    "y": 132.2737382295116
                },
                {
                    "x": 133.81899963783113,
                    "y": 132.2737382295116
                },
                {
                    "x": 133.81899963783113,
                    "y": 164.90949981891558
                },
                {
                    "x": 74.48125129346026,
                    "y": 164.90949981891558
                }
            ]
        },
        {
            "id": "zTQrD3mww",
            "type": "RECTANGLE",
            "tags": [
                "desks"
            ],
            "boundingBox": {
                "height": 47.222973147764904,
                "width": 74.17219674824089,
                "left": 15.885213485616722,
                "top": 156.50331125827816
            },
            "points": [
                {
                    "x": 15.885213485616722,
                    "y": 156.50331125827816
                },
                {
                    "x": 90.05741023385762,
                    "y": 156.50331125827816
                },
                {
                    "x": 90.05741023385762,
                    "y": 203.72628440604305
                },
                {
                    "x": 15.885213485616722,
                    "y": 203.72628440604305
                }
            ]
        },
        {
            "id": "lH0fxG-Ik",
            "type": "RECTANGLE",
            "tags": [
                "desks"
            ],
            "boundingBox": {
                "height": 29.1743891633899,
                "width": 49.6953642384106,
                "left": 123.92936736858444,
                "top": 119.9117035518419
            },
            "points": [
                {
                    "x": 123.92936736858444,
                    "y": 119.9117035518419
                },
                {
                    "x": 173.62473160699503,
                    "y": 119.9117035518419
                },
                {
                    "x": 173.62473160699503,
                    "y": 149.08609271523179
                },
                {
                    "x": 123.92936736858444,
                    "y": 149.08609271523179
                }
            ]
        }
    ],
    "version": "2.2.0"
}