{
    "asset": {
        "format": "jpg",
        "id": "d4b92336bd79538a20b646aafecef37c",
        "name": "desk_117.jpg",
        "path": "file:C:/Users/ryanm/OneDrive/Desktop/CKRmodel/imgs/desk_117.jpg",
        "size": {
            "width": 224,
            "height": 224
        },
        "state": 2,
        "type": 1
    },
    "regions": [
        {
            "id": "Ag-lazqsm",
            "type": "RECTANGLE",
            "tags": [
                "desks"
            ],
            "boundingBox": {
                "height": 136.47682685094165,
                "width": 137.2185430463576,
                "left": 23.549668874172188,
                "top": 41.041944491152734
            },
            "points": [
                {
                    "x": 23.549668874172188,
                    "y": 41.041944491152734
                },
                {
                    "x": 160.7682119205298,
                    "y": 41.041944491152734
                },
                {
                    "x": 160.7682119205298,
                    "y": 177.51877134209437
                },
                {
                    "x": 23.549668874172188,
                    "y": 177.51877134209437
                }
            ]
        }
    ],
    "version": "2.2.0"
}