{
    "asset": {
        "format": "jpg",
        "id": "d5a49eb0c9868ef541c85e2b183b9f05",
        "name": "desk_155.jpg",
        "path": "file:C:/Users/ryanm/OneDrive/Desktop/CKRmodel/imgs/desk_155.jpg",
        "size": {
            "width": 224,
            "height": 224
        },
        "state": 2,
        "type": 1
    },
    "regions": [
        {
            "id": "3t_G8Kr_w",
            "type": "RECTANGLE",
            "tags": [
                "desks"
            ],
            "boundingBox": {
                "height": 170.34878964455712,
                "width": 112.24724816328643,
                "left": 2.2869832626241724,
                "top": 34.61369030680878
            },
            "points": [
                {
                    "x": 2.2869832626241724,
                    "y": 34.61369030680878
                },
                {
                    "x": 114.5342314259106,
                    "y": 34.61369030680878
                },
                {
                    "x": 114.5342314259106,
                    "y": 204.9624799513659
                },
                {
                    "x": 2.2869832626241724,
                    "y": 204.9624799513659
                }
            ]
        }
    ],
    "version": "2.2.0"
}