{
    "asset": {
        "format": "jpg",
        "id": "d8aad3fa0eb33f5a76c89f8f744d8c80",
        "name": "desk_061.jpg",
        "path": "file:C:/Users/ryanm/OneDrive/Desktop/CKRmodel/imgs/desk_061.jpg",
        "size": {
            "width": 224,
            "height": 224
        },
        "state": 2,
        "type": 1
    },
    "regions": [
        {
            "id": "Eq7F9B9xp",
            "type": "RECTANGLE",
            "tags": [
                "desks"
            ],
            "boundingBox": {
                "height": 75.65564045685016,
                "width": 122.1368691147558,
                "left": 9.951438651179636,
                "top": 108.78587573727235
            },
            "points": [
                {
                    "x": 9.951438651179636,
                    "y": 108.78587573727235
                },
                {
                    "x": 132.08830776593544,
                    "y": 108.78587573727235
                },
                {
                    "x": 132.08830776593544,
                    "y": 184.44151619412253
                },
                {
                    "x": 9.951438651179636,
                    "y": 184.44151619412253
                }
            ]
        },
        {
            "id": "DVuqyeapq",
            "type": "RECTANGLE",
            "tags": [
                "desks"
            ],
            "boundingBox": {
                "height": 57.35983094474338,
                "width": 86.4723910906457,
                "left": 137.5276089093543,
                "top": 98.89625478580298
            },
            "points": [
                {
                    "x": 137.5276089093543,
                    "y": 98.89625478580298
                },
                {
                    "x": 224,
                    "y": 98.89625478580298
                },
                {
                    "x": 224,
                    "y": 156.25608573054637
                },
                {
                    "x": 137.5276089093543,
                    "y": 156.25608573054637
                }
            ]
        }
    ],
    "version": "2.2.0"
}