{
    "asset": {
        "format": "jpg",
        "id": "d8afa6138390175bf69d15f61a6a6659",
        "name": "desk_127.jpg",
        "path": "file:C:/Users/ryanm/OneDrive/Desktop/CKRmodel/imgs/desk_127.jpg",
        "size": {
            "width": 224,
            "height": 224
        },
        "state": 2,
        "type": 1
    },
    "regions": [
        {
            "id": "wC9EoVjnH",
            "type": "RECTANGLE",
            "tags": [
                "desks"
            ],
            "boundingBox": {
                "height": 173.56291956617343,
                "width": 166.88742853632036,
                "left": 30.719650571709437,
                "top": 41.78366634545737
            },
            "points": [
                {
                    "x": 30.719650571709437,
                    "y": 41.78366634545737
                },
                {
                    "x": 197.6070791080298,
                    "y": 41.78366634545737
                },
                {
                    "x": 197.6070791080298,
                    "y": 215.3465859116308
                },
                {
                    "x": 30.719650571709437,
                    "y": 215.3465859116308
                }
            ]
        }
    ],
    "version": "2.2.0"
}