{
    "asset": {
        "format": "jpg",
        "id": "d8ec9022256f6b9dfc668692d9332bf5",
        "name": "desk_085.jpg",
        "path": "file:C:/Users/ryanm/OneDrive/Desktop/CKRmodel/imgs/desk_085.jpg",
        "size": {
            "width": 224,
            "height": 224
        },
        "state": 2,
        "type": 1
    },
    "regions": [
        {
            "id": "HJnMKmI-D",
            "type": "RECTANGLE",
            "tags": [
                "desks"
            ],
            "boundingBox": {
                "height": 104.33555592922185,
                "width": 190.37527971078228,
                "left": 24.044153882967716,
                "top": 117.19205298013246
            },
            "points": [
                {
                    "x": 24.044153882967716,
                    "y": 117.19205298013246
                },
                {
                    "x": 214.41943359375,
                    "y": 117.19205298013246
                },
                {
                    "x": 214.41943359375,
                    "y": 221.5276089093543
                },
                {
                    "x": 24.044153882967716,
                    "y": 221.5276089093543
                }
            ]
        }
    ],
    "version": "2.2.0"
}