{
    "asset": {
        "format": "jpg",
        "id": "dae5524f3eb137506fa8067069b5745b",
        "name": "desk_056.jpg",
        "path": "file:C:/Users/ryanm/OneDrive/Desktop/CKRmodel/imgs/desk_056.jpg",
        "size": {
            "width": 224,
            "height": 224
        },
        "state": 2,
        "type": 1
    },
    "regions": [
        {
            "id": "tzDp2RX9D",
            "type": "RECTANGLE",
            "tags": [
                "desks"
            ],
            "boundingBox": {
                "height": 199.27593630354926,
                "width": 209.4127997594164,
                "left": 1.0507763995240067,
                "top": 12.856514027576573
            },
            "points": [
                {
                    "x": 1.0507763995240067,
                    "y": 12.856514027576573
                },
                {
                    "x": 210.4635761589404,
                    "y": 12.856514027576573
                },
                {
                    "x": 210.4635761589404,
                    "y": 212.13245033112582
                },
                {
                    "x": 1.0507763995240067,
                    "y": 212.13245033112582
                }
            ]
        }
    ],
    "version": "2.2.0"
}