{
    "asset": {
        "format": "jpg",
        "id": "dc418fdfc291aafc81b535b9e020a020",
        "name": "desk_079.jpg",
        "path": "file:C:/Users/ryanm/OneDrive/Desktop/CKRmodel/imgs/desk_079.jpg",
        "size": {
            "width": 224,
            "height": 224
        },
        "state": 2,
        "type": 1
    },
    "regions": [
        {
            "id": "DtMyOfIxH",
            "type": "RECTANGLE",
            "tags": [
                "desks"
            ],
            "boundingBox": {
                "height": 216.83003527912874,
                "width": 183.94701986754967,
                "left": 23.549668874172188,
                "top": 5.4392954845302155
            },
            "points": [
                {
                    "x": 23.549668874172188,
                    "y": 5.4392954845302155
                },
                {
                    "x": 207.49668874172187,
                    "y": 5.4392954845302155
                },
                {
                    "x": 207.49668874172187,
                    "y": 222.26933076365896
                },
                {
                    "x": 23.549668874172188,
                    "y": 222.26933076365896
                }
            ]
        }
    ],
    "version": "2.2.0"
}