{
    "asset": {
        "format": "jpg",
        "id": "df8b6e1b59f60a8cbfd5b77463ebafb4",
        "name": "desk_183.jpg",
        "path": "file:C:/Users/ryanm/OneDrive/Desktop/CKRmodel/imgs/desk_183.jpg",
        "size": {
            "width": 224,
            "height": 224
        },
        "state": 2,
        "type": 1
    },
    "regions": [
        {
            "id": "vLpIiFaa6",
            "type": "RECTANGLE",
            "tags": [
                "desks"
            ],
            "boundingBox": {
                "height": 80.10596026490066,
                "width": 44.99778494929636,
                "left": 100.1942680308361,
                "top": 116.69757928911424
            },
            "points": [
                {
                    "x": 100.1942680308361,
                    "y": 116.69757928911424
                },
                {
                    "x": 145.19205298013244,
                    "y": 116.69757928911424
                },
                {
                    "x": 145.19205298013244,
                    "y": 196.80353955401492
                },
                {
                    "x": 100.1942680308361,
                    "y": 196.80353955401492
                }
            ]
        },
        {
            "id": "EY10OG1zT",
            "type": "RECTANGLE",
            "tags": [
                "desks"
            ],
            "boundingBox": {
                "height": 77.88079470198676,
                "width": 54.392943527524835,
                "left": 31.70860927152318,
                "top": 130.5430463576159
            },
            "points": [
                {
                    "x": 31.70860927152318,
                    "y": 130.5430463576159
                },
                {
                    "x": 86.10155279904801,
                    "y": 130.5430463576159
                },
                {
                    "x": 86.10155279904801,
                    "y": 208.42384105960267
                },
                {
                    "x": 31.70860927152318,
                    "y": 208.42384105960267
                }
            ]
        }
    ],
    "version": "2.2.0"
}