{
    "asset": {
        "format": "jpg",
        "id": "dfc9dc02176212c0790997685b686041",
        "name": "desk_140.jpg",
        "path": "file:C:/Users/ryanm/OneDrive/Desktop/CKRmodel/imgs/desk_140.jpg",
        "size": {
            "width": 224,
            "height": 224
        },
        "state": 2,
        "type": 1
    },
    "regions": [
        {
            "id": "MZzN9uF8-",
            "type": "RECTANGLE",
            "tags": [
                "desks"
            ],
            "boundingBox": {
                "height": 129.55409897557948,
                "width": 86.53420879035596,
                "left": 49.75718193812086,
                "top": 83.81456953642385
            },
            "points": [
                {
                    "x": 49.75718193812086,
                    "y": 83.81456953642385
                },
                {
                    "x": 136.2913907284768,
                    "y": 83.81456953642385
                },
                {
                    "x": 136.2913907284768,
                    "y": 213.36866851200332
                },
                {
                    "x": 49.75718193812086,
                    "y": 213.36866851200332
                }
            ]
        }
    ],
    "version": "2.2.0"
}