{
    "asset": {
        "format": "jpg",
        "id": "e20a6728fb806faa24b1a7ab8f5aada4",
        "name": "desk_104.jpg",
        "path": "file:C:/Users/ryanm/OneDrive/Desktop/CKRmodel/imgs/desk_104.jpg",
        "size": {
            "width": 224,
            "height": 224
        },
        "state": 2,
        "type": 1
    },
    "regions": [
        {
            "id": "AgvV98pjb",
            "type": "RECTANGLE",
            "tags": [
                "desks"
            ],
            "boundingBox": {
                "height": 213.6158940397351,
                "width": 211.6379766401076,
                "left": 2.2869832626241724,
                "top": 8.900662251655628
            },
            "points": [
                {
                    "x": 2.2869832626241724,
                    "y": 8.900662251655628
                },
                {
                    "x": 213.92495990273179,
                    "y": 8.900662251655628
                },
                {
                    "x": 213.92495990273179,
                    "y": 222.51655629139074
                },
                {
                    "x": 2.2869832626241724,
                    "y": 222.51655629139074
                }
            ]
        }
    ],
    "version": "2.2.0"
}