{
    "asset": {
        "format": "jpg",
        "id": "e590e549cc0d82328b3f4623c7ef7505",
        "name": "desk_089.jpg",
        "path": "file:C:/Users/ryanm/OneDrive/Desktop/CKRmodel/imgs/desk_089.jpg",
        "size": {
            "width": 224,
            "height": 224
        },
        "state": 2,
        "type": 1
    },
    "regions": [
        {
            "id": "wa-3dm_e8",
            "type": "RECTANGLE",
            "tags": [
                "desks"
            ],
            "boundingBox": {
                "height": 39.311258278145694,
                "width": 212.87417218543047,
                "left": 5.748344370860927,
                "top": 25.218543046357617
            },
            "points": [
                {
                    "x": 5.748344370860927,
                    "y": 25.218543046357617
                },
                {
                    "x": 218.6225165562914,
                    "y": 25.218543046357617
                },
                {
                    "x": 218.6225165562914,
                    "y": 64.52980132450331
                },
                {
                    "x": 5.748344370860927,
                    "y": 64.52980132450331
                }
            ]
        },
        {
            "id": "NDOPPV9TF",
            "type": "RECTANGLE",
            "tags": [
                "desks"
            ],
            "boundingBox": {
                "height": 179.9911850682947,
                "width": 213.80132450331126,
                "left": 10.198675496688741,
                "top": 15.57615894039735
            },
            "points": [
                {
                    "x": 10.198675496688741,
                    "y": 15.57615894039735
                },
                {
                    "x": 224,
                    "y": 15.57615894039735
                },
                {
                    "x": 224,
                    "y": 195.56734400869206
                },
                {
                    "x": 10.198675496688741,
                    "y": 195.56734400869206
                }
            ]
        }
    ],
    "version": "2.2.0"
}