{
    "asset": {
        "format": "jpg",
        "id": "ea1b3d327a6ca3c67033ce69fd0f013f",
        "name": "desk_164.jpg",
        "path": "file:C:/Users/ryanm/OneDrive/Desktop/CKRmodel/imgs/desk_164.jpg",
        "size": {
            "width": 224,
            "height": 224
        },
        "state": 2,
        "type": 1
    },
    "regions": [
        {
            "id": "Smpt24zQH",
            "type": "RECTANGLE",
            "tags": [
                "desks"
            ],
            "boundingBox": {
                "height": 100.13245033112582,
                "width": 203.97350993377484,
                "left": 8.962479951365895,
                "top": 119.66446670633279
            },
            "points": [
                {
                    "x": 8.962479951365895,
                    "y": 119.66446670633279
                },
                {
                    "x": 212.93598988514074,
                    "y": 119.66446670633279
                },
                {
                    "x": 212.93598988514074,
                    "y": 219.79691703745863
                },
                {
                    "x": 8.962479951365895,
                    "y": 219.79691703745863
                }
            ]
        }
    ],
    "version": "2.2.0"
}