{
    "asset": {
        "format": "jpg",
        "id": "f217613f7f876d07cfb70dff4eb6bb0f",
        "name": "desk_126.jpg",
        "path": "file:C:/Users/ryanm/OneDrive/Desktop/CKRmodel/imgs/desk_126.jpg",
        "size": {
            "width": 224,
            "height": 224
        },
        "state": 2,
        "type": 1
    },
    "regions": [
        {
            "id": "cMuntu1fP",
            "type": "RECTANGLE",
            "tags": [
                "desks"
            ],
            "boundingBox": {
                "height": 130.7902945209023,
                "width": 155.267104395178,
                "left": 21.077266465749172,
                "top": 80.35320842818709
            },
            "points": [
                {
                    "x": 21.077266465749172,
                    "y": 80.35320842818709
                },
                {
                    "x": 176.34437086092714,
                    "y": 80.35320842818709
                },
                {
                    "x": 176.34437086092714,
                    "y": 211.1435029490894
                },
                {
                    "x": 21.077266465749172,
                    "y": 211.1435029490894
                }
            ]
        },
        {
            "id": "0os_3BnZr",
            "type": "RECTANGLE",
            "tags": [
                "desks"
            ],
            "boundingBox": {
                "height": 56.61809777266142,
                "width": 103.59381143936258,
                "left": 115.27595328021523,
                "top": 22.004418783629966
            },
            "points": [
                {
                    "x": 115.27595328021523,
                    "y": 22.004418783629966
                },
                {
                    "x": 218.86976471957783,
                    "y": 22.004418783629966
                },
                {
                    "x": 218.86976471957783,
                    "y": 78.62251655629139
                },
                {
                    "x": 115.27595328021523,
                    "y": 78.62251655629139
                }
            ]
        }
    ],
    "version": "2.2.0"
}