{
    "asset": {
        "format": "jpg",
        "id": "f70521ced2d16f6cb7f57fa55424bb2c",
        "name": "desk_101.jpg",
        "path": "file:C:/Users/ryanm/OneDrive/Desktop/CKRmodel/imgs/desk_101.jpg",
        "size": {
            "width": 224,
            "height": 224
        },
        "state": 2,
        "type": 1
    },
    "regions": [
        {
            "id": "Y6lmylW09",
            "type": "RECTANGLE",
            "tags": [
                "desks"
            ],
            "boundingBox": {
                "height": 213.61589969862376,
                "width": 197.0507650817467,
                "left": 16.379698494412253,
                "top": 0.9889643587024006
            },
            "points": [
                {
                    "x": 16.379698494412253,
                    "y": 0.9889643587024006
                },
                {
                    "x": 213.43046357615896,
                    "y": 0.9889643587024006
                },
                {
                    "x": 213.43046357615896,
                    "y": 214.60486405732615
                },
                {
                    "x": 16.379698494412253,
                    "y": 214.60486405732615
                }
            ]
        }
    ],
    "version": "2.2.0"
}