{
    "asset": {
        "format": "jpg",
        "id": "f8d001423bfaa3949fc5b4ac0601b900",
        "name": "desk_092.jpg",
        "path": "file:C:/Users/ryanm/OneDrive/Desktop/CKRmodel/imgs/desk_092.jpg",
        "size": {
            "width": 224,
            "height": 224
        },
        "state": 2,
        "type": 1
    },
    "regions": [
        {
            "id": "vj1YTdh1o",
            "type": "RECTANGLE",
            "tags": [
                "desks"
            ],
            "boundingBox": {
                "height": 32.38851342611755,
                "width": 218.25165562913907,
                "left": 5.748344370860927,
                "top": 83.32009584540563
            },
            "points": [
                {
                    "x": 5.748344370860927,
                    "y": 83.32009584540563
                },
                {
                    "x": 224,
                    "y": 83.32009584540563
                },
                {
                    "x": 224,
                    "y": 115.70860927152319
                },
                {
                    "x": 5.748344370860927,
                    "y": 115.70860927152319
                }
            ]
        },
        {
            "id": "tRekTMx5k",
            "type": "RECTANGLE",
            "tags": [
                "desks"
            ],
            "boundingBox": {
                "height": 136.476821192053,
                "width": 216.83002962024008,
                "left": 3.028705116928808,
                "top": 77.13907284768212
            },
            "points": [
                {
                    "x": 3.028705116928808,
                    "y": 77.13907284768212
                },
                {
                    "x": 219.85873473716887,
                    "y": 77.13907284768212
                },
                {
                    "x": 219.85873473716887,
                    "y": 213.6158940397351
                },
                {
                    "x": 3.028705116928808,
                    "y": 213.6158940397351
                }
            ]
        }
    ],
    "version": "2.2.0"
}