{
    "asset": {
        "format": "jpg",
        "id": "f9bcb17c667dab7de9336dc3f4313eb3",
        "name": "desk_021.jpg",
        "path": "file:C:/Users/ryanm/OneDrive/Desktop/CKRmodel/imgs/desk_021.jpg",
        "size": {
            "width": 224,
            "height": 224
        },
        "state": 2,
        "type": 1
    },
    "regions": [
        {
            "id": "UpF0lr1hU",
            "type": "RECTANGLE",
            "tags": [
                "desks"
            ],
            "boundingBox": {
                "height": 209.66004226381415,
                "width": 214.11037904853063,
                "left": 6.242829379656457,
                "top": 7.664461047444123
            },
            "points": [
                {
                    "x": 6.242829379656457,
                    "y": 7.664461047444123
                },
                {
                    "x": 220.3532084281871,
                    "y": 7.664461047444123
                },
                {
                    "x": 220.3532084281871,
                    "y": 217.32450331125827
                },
                {
                    "x": 6.242829379656457,
                    "y": 217.32450331125827
                }
            ]
        }
    ],
    "version": "2.2.0"
}