{
    "asset": {
        "format": "jpg",
        "id": "fc1f58db90eef0bd96df39d52261f0f3",
        "name": "desk_097.jpg",
        "path": "file:C:/Users/ryanm/OneDrive/Desktop/CKRmodel/imgs/desk_097.jpg",
        "size": {
            "width": 224,
            "height": 224
        },
        "state": 2,
        "type": 1
    },
    "regions": [
        {
            "id": "j22CiwUd4",
            "type": "RECTANGLE",
            "tags": [
                "desks"
            ],
            "boundingBox": {
                "height": 178.2604818786217,
                "width": 218.80794701986756,
                "left": 3.770426971233444,
                "top": 24.229584346543874
            },
            "points": [
                {
                    "x": 3.770426971233444,
                    "y": 24.229584346543874
                },
                {
                    "x": 222.578373991101,
                    "y": 24.229584346543874
                },
                {
                    "x": 222.578373991101,
                    "y": 202.49006622516558
                },
                {
                    "x": 3.770426971233444,
                    "y": 202.49006622516558
                }
            ]
        }
    ],
    "version": "2.2.0"
}