{
    "asset": {
        "format": "jpg",
        "id": "fffc50f8742d39056f7c58e9c4cc904f",
        "name": "desk_026.jpg",
        "path": "file:C:/Users/ryanm/OneDrive/Desktop/CKRmodel/imgs/desk_026.jpg",
        "size": {
            "width": 224,
            "height": 224
        },
        "state": 2,
        "type": 1
    },
    "regions": [
        {
            "id": "hnxYUrjYn",
            "type": "RECTANGLE",
            "tags": [
                "desks"
            ],
            "boundingBox": {
                "height": 185.18322107176118,
                "width": 194.08390030008277,
                "left": 16.132450331125828,
                "top": 20.27373257062293
            },
            "points": [
                {
                    "x": 16.132450331125828,
                    "y": 20.27373257062293
                },
                {
                    "x": 210.21635063120863,
                    "y": 20.27373257062293
                },
                {
                    "x": 210.21635063120863,
                    "y": 205.45695364238412
                },
                {
                    "x": 16.132450331125828,
                    "y": 205.45695364238412
                }
            ]
        }
    ],
    "version": "2.2.0"
}