<annotation verified="yes">
	<folder>imgs</folder>
	<filename>desk_040.jpg</filename>
	<path>/home/rpete/Design/desk_dataset/imgs/desk_040.jpg</path>
	<source>
		<database>Unknown</database>
	</source>
	<size>
		<width>1338</width>
		<height>1874</height>
		<depth>24</depth>
	</size>
	<segmented>0</segmented>
	<object>
		<name>desk</name>
		<pose>Unspecified</pose>
		<truncated>0</truncated>
		<difficult>0</difficult>
		<bndbox>
			<xmin>37</xmin>
			<ymin>250</ymin>
			<xmax>1274</xmax>
			<ymax>1403</ymax>
		</bndbox>
	</object>
</annotation>
