<annotation verified="yes">
	<folder>imgs</folder>
	<filename>desk_137.jpg</filename>
	<path>/home/rpete/Design/desk_dataset/imgs/desk_137.jpg</path>
	<source>
		<database>Unknown</database>
	</source>
	<size>
		<width>144</width>
		<height>144</height>
		<depth>24</depth>
	</size>
	<segmented>0</segmented>
	<object>
		<name>desk</name>
		<pose>Unspecified</pose>
		<truncated>0</truncated>
		<difficult>0</difficult>
		<bndbox>
			<xmin>15</xmin>
			<ymin>5</ymin>
			<xmax>125</xmax>
			<ymax>120</ymax>
		</bndbox>
	</object>
</annotation>
