<annotation verified="yes">
	<folder>imgs</folder>
	<filename>desk_075.jpg</filename>
	<path>/home/rpete/Design/desk_dataset/imgs/desk_075.jpg</path>
	<source>
		<database>Unknown</database>
	</source>
	<size>
		<width>550</width>
		<height>550</height>
		<depth>24</depth>
	</size>
	<segmented>0</segmented>
	<object>
		<name>desk</name>
		<pose>Unspecified</pose>
		<truncated>0</truncated>
		<difficult>0</difficult>
		<bndbox>
			<xmin>80</xmin>
			<ymin>25</ymin>
			<xmax>474</xmax>
			<ymax>537</ymax>
		</bndbox>
	</object>
</annotation>
