<annotation verified="yes">
	<folder>imgs</folder>
	<filename>desk_077.jpg</filename>
	<path>/home/rpete/Design/desk_dataset/imgs/desk_077.jpg</path>
	<source>
		<database>Unknown</database>
	</source>
	<size>
		<width>219</width>
		<height>230</height>
		<depth>24</depth>
	</size>
	<segmented>0</segmented>
	<object>
		<name>desk</name>
		<pose>Unspecified</pose>
		<truncated>0</truncated>
		<difficult>0</difficult>
		<bndbox>
			<xmin>1</xmin>
			<ymin>2</ymin>
			<xmax>217</xmax>
			<ymax>229</ymax>
		</bndbox>
	</object>
</annotation>
