<annotation verified="yes">
	<folder>imgs</folder>
	<filename>desk_087.jpg</filename>
	<path>/home/rpete/Design/desk_dataset/imgs/desk_087.jpg</path>
	<source>
		<database>Unknown</database>
	</source>
	<size>
		<width>224</width>
		<height>224</height>
		<depth>24</depth>
	</size>
	<segmented>0</segmented>
	<object>
		<name>desk</name>
		<pose>Unspecified</pose>
		<truncated>0</truncated>
		<difficult>0</difficult>
		<bndbox>
			<xmin>8</xmin>
			<ymin>47</ymin>
			<xmax>219</xmax>
			<ymax>184</ymax>
		</bndbox>
	</object>
</annotation>
