<annotation verified="yes">
	<folder>imgs</folder>
	<filename>desk_062.jpg</filename>
	<path>/home/rpete/Design/desk_dataset/imgs/desk_062.jpg</path>
	<source>
		<database>Unknown</database>
	</source>
	<size>
		<width>305</width>
		<height>165</height>
		<depth>24</depth>
	</size>
	<segmented>0</segmented>
	<object>
		<name>desk</name>
		<pose>Unspecified</pose>
		<truncated>0</truncated>
		<difficult>0</difficult>
		<bndbox>
			<xmin>26</xmin>
			<ymin>11</ymin>
			<xmax>153</xmax>
			<ymax>152</ymax>
		</bndbox>
	</object>
</annotation>
