<annotation verified="yes">
	<folder>imgs</folder>
	<filename>desk_157.jpg</filename>
	<path>/home/rpete/Design/desk_dataset/imgs/desk_157.jpg</path>
	<source>
		<database>Unknown</database>
	</source>
	<size>
		<width>262</width>
		<height>192</height>
		<depth>24</depth>
	</size>
	<segmented>0</segmented>
	<object>
		<name>desk</name>
		<pose>Unspecified</pose>
		<truncated>0</truncated>
		<difficult>0</difficult>
		<bndbox>
			<xmin>8</xmin>
			<ymin>49</ymin>
			<xmax>120</xmax>
			<ymax>173</ymax>
		</bndbox>
	</object>
	<object>
		<name>desk</name>
		<pose>Unspecified</pose>
		<truncated>0</truncated>
		<difficult>0</difficult>
		<bndbox>
			<xmin>115</xmin>
			<ymin>71</ymin>
			<xmax>252</xmax>
			<ymax>171</ymax>
		</bndbox>
	</object>
</annotation>
