<annotation verified="yes">
	<folder>imgs</folder>
	<filename>desk_044.jpg</filename>
	<path>/home/rpete/Design/desk_dataset/imgs/desk_044.jpg</path>
	<source>
		<database>Unknown</database>
	</source>
	<size>
		<width>1200</width>
		<height>900</height>
		<depth>24</depth>
	</size>
	<segmented>0</segmented>
	<object>
		<name>desk</name>
		<pose>Unspecified</pose>
		<truncated>0</truncated>
		<difficult>0</difficult>
		<bndbox>
			<xmin>713</xmin>
			<ymin>172</ymin>
			<xmax>717</xmax>
			<ymax>773</ymax>
		</bndbox>
	</object>
	<object>
		<name>desk</name>
		<pose>Unspecified</pose>
		<truncated>0</truncated>
		<difficult>0</difficult>
		<bndbox>
			<xmin>709</xmin>
			<ymin>168</ymin>
			<xmax>1122</xmax>
			<ymax>679</ymax>
		</bndbox>
	</object>
</annotation>
