<annotation verified="yes">
	<folder>imgs</folder>
	<filename>desk_170.jpg</filename>
	<path>/home/rpete/Design/desk_dataset/imgs/desk_170.jpg</path>
	<source>
		<database>Unknown</database>
	</source>
	<size>
		<width>286</width>
		<height>176</height>
		<depth>24</depth>
	</size>
	<segmented>0</segmented>
	<object>
		<name>desk</name>
		<pose>Unspecified</pose>
		<truncated>0</truncated>
		<difficult>0</difficult>
		<bndbox>
			<xmin>0</xmin>
			<ymin>101</ymin>
			<xmax>37</xmax>
			<ymax>164</ymax>
		</bndbox>
	</object>
	<object>
		<name>desk</name>
		<pose>Unspecified</pose>
		<truncated>0</truncated>
		<difficult>0</difficult>
		<bndbox>
			<xmin>35</xmin>
			<ymin>87</ymin>
			<xmax>73</xmax>
			<ymax>128</ymax>
		</bndbox>
	</object>
	<object>
		<name>desk</name>
		<pose>Unspecified</pose>
		<truncated>0</truncated>
		<difficult>0</difficult>
		<bndbox>
			<xmin>107</xmin>
			<ymin>140</ymin>
			<xmax>201</xmax>
			<ymax>175</ymax>
		</bndbox>
	</object>
	<object>
		<name>desk</name>
		<pose>Unspecified</pose>
		<truncated>0</truncated>
		<difficult>0</difficult>
		<bndbox>
			<xmin>128</xmin>
			<ymin>105</ymin>
			<xmax>178</xmax>
			<ymax>144</ymax>
		</bndbox>
	</object>
	<object>
		<name>desk</name>
		<pose>Unspecified</pose>
		<truncated>0</truncated>
		<difficult>0</difficult>
		<bndbox>
			<xmin>134</xmin>
			<ymin>90</ymin>
			<xmax>167</xmax>
			<ymax>108</ymax>
		</bndbox>
	</object>
	<object>
		<name>desk</name>
		<pose>Unspecified</pose>
		<truncated>0</truncated>
		<difficult>0</difficult>
		<bndbox>
			<xmin>230</xmin>
			<ymin>90</ymin>
			<xmax>278</xmax>
			<ymax>136</ymax>
		</bndbox>
	</object>
</annotation>
