<annotation verified="yes">
	<folder>imgs</folder>
	<filename>desk_100.jpg</filename>
	<path>/home/rpete/Design/desk_dataset/imgs/desk_100.jpg</path>
	<source>
		<database>Unknown</database>
	</source>
	<size>
		<width>480</width>
		<height>320</height>
		<depth>24</depth>
	</size>
	<segmented>0</segmented>
	<object>
		<name>desk</name>
		<pose>Unspecified</pose>
		<truncated>0</truncated>
		<difficult>0</difficult>
		<bndbox>
			<xmin>123</xmin>
			<ymin>72</ymin>
			<xmax>403</xmax>
			<ymax>315</ymax>
		</bndbox>
	</object>
</annotation>
