<annotation verified="yes">
	<folder>imgs</folder>
	<filename>desk_057.jpg</filename>
	<path>/home/rpete/Design/desk_dataset/imgs/desk_057.jpg</path>
	<source>
		<database>Unknown</database>
	</source>
	<size>
		<width>800</width>
		<height>533</height>
		<depth>24</depth>
	</size>
	<segmented>0</segmented>
	<object>
		<name>desk</name>
		<pose>Unspecified</pose>
		<truncated>0</truncated>
		<difficult>0</difficult>
		<bndbox>
			<xmin>4</xmin>
			<ymin>58</ymin>
			<xmax>601</xmax>
			<ymax>511</ymax>
		</bndbox>
	</object>
</annotation>
