<annotation verified="yes">
	<folder>imgs</folder>
	<filename>desk_185.jpg</filename>
	<path>/home/rpete/Design/desk_dataset/imgs/desk_185.jpg</path>
	<source>
		<database>Unknown</database>
	</source>
	<size>
		<width>275</width>
		<height>183</height>
		<depth>24</depth>
	</size>
	<segmented>0</segmented>
	<object>
		<name>desk</name>
		<pose>Unspecified</pose>
		<truncated>0</truncated>
		<difficult>0</difficult>
		<bndbox>
			<xmin>0</xmin>
			<ymin>104</ymin>
			<xmax>163</xmax>
			<ymax>182</ymax>
		</bndbox>
	</object>
	<object>
		<name>desk</name>
		<pose>Unspecified</pose>
		<truncated>0</truncated>
		<difficult>0</difficult>
		<bndbox>
			<xmin>99</xmin>
			<ymin>82</ymin>
			<xmax>224</xmax>
			<ymax>113</ymax>
		</bndbox>
	</object>
	<object>
		<name>desk</name>
		<pose>Unspecified</pose>
		<truncated>0</truncated>
		<difficult>0</difficult>
		<bndbox>
			<xmin>157</xmin>
			<ymin>75</ymin>
			<xmax>259</xmax>
			<ymax>93</ymax>
		</bndbox>
	</object>
</annotation>
