<annotation verified="yes">
	<folder>imgs</folder>
	<filename>desk_190.jpg</filename>
	<path>/home/rpete/Design/desk_dataset/imgs/desk_190.jpg</path>
	<source>
		<database>Unknown</database>
	</source>
	<size>
		<width>259</width>
		<height>194</height>
		<depth>24</depth>
	</size>
	<segmented>0</segmented>
	<object>
		<name>desk</name>
		<pose>Unspecified</pose>
		<truncated>0</truncated>
		<difficult>0</difficult>
		<bndbox>
			<xmin>199</xmin>
			<ymin>100</ymin>
			<xmax>155</xmax>
			<ymax>150</ymax>
		</bndbox>
	</object>
	<object>
		<name>desk</name>
		<pose>Unspecified</pose>
		<truncated>0</truncated>
		<difficult>0</difficult>
		<bndbox>
			<xmin>117</xmin>
			<ymin>112</ymin>
			<xmax>174</xmax>
			<ymax>178</ymax>
		</bndbox>
	</object>
</annotation>
