<annotation verified="yes">
	<folder>imgs</folder>
	<filename>desk_004.jpg</filename>
	<path>/home/rpete/Design/desk_dataset/imgs/desk_004.jpg</path>
	<source>
		<database>Unknown</database>
	</source>
	<size>
		<width>177</width>
		<height>177</height>
		<depth>24</depth>
	</size>
	<segmented>0</segmented>
	<object>
		<name>desk</name>
		<pose>Unspecified</pose>
		<truncated>0</truncated>
		<difficult>0</difficult>
		<bndbox>
			<xmin>6</xmin>
			<ymin>8</ymin>
			<xmax>164</xmax>
			<ymax>175</ymax>
		</bndbox>
	</object>
</annotation>
