<annotation verified="yes">
	<folder>imgs</folder>
	<filename>desk_154.jpg</filename>
	<path>/home/rpete/Design/desk_dataset/imgs/desk_154.jpg</path>
	<source>
		<database>Unknown</database>
	</source>
	<size>
		<width>275</width>
		<height>183</height>
		<depth>24</depth>
	</size>
	<segmented>0</segmented>
	<object>
		<name>desk</name>
		<pose>Unspecified</pose>
		<truncated>0</truncated>
		<difficult>0</difficult>
		<bndbox>
			<xmin>71</xmin>
			<ymin>80</ymin>
			<xmax>131</xmax>
			<ymax>104</ymax>
		</bndbox>
	</object>
	<object>
		<name>desk</name>
		<pose>Unspecified</pose>
		<truncated>0</truncated>
		<difficult>0</difficult>
		<bndbox>
			<xmin>143</xmin>
			<ymin>80</ymin>
			<xmax>203</xmax>
			<ymax>104</ymax>
		</bndbox>
	</object>
</annotation>
