<annotation verified="yes">
	<folder>imgs</folder>
	<filename>desk_197.jpg</filename>
	<path>/home/rpete/Design/desk_dataset/imgs/desk_197.jpg</path>
	<source>
		<database>Unknown</database>
	</source>
	<size>
		<width>259</width>
		<height>194</height>
		<depth>24</depth>
	</size>
	<segmented>0</segmented>
	<object>
		<name>desk</name>
		<pose>Unspecified</pose>
		<truncated>0</truncated>
		<difficult>0</difficult>
		<bndbox>
			<xmin>159</xmin>
			<ymin>136</ymin>
			<xmax>220</xmax>
			<ymax>190</ymax>
		</bndbox>
	</object>
	<object>
		<name>desk</name>
		<pose>Unspecified</pose>
		<truncated>0</truncated>
		<difficult>0</difficult>
		<bndbox>
			<xmin>134</xmin>
			<ymin>127</ymin>
			<xmax>169</xmax>
			<ymax>170</ymax>
		</bndbox>
	</object>
	<object>
		<name>desk</name>
		<pose>Unspecified</pose>
		<truncated>0</truncated>
		<difficult>0</difficult>
		<bndbox>
			<xmin>18</xmin>
			<ymin>127</ymin>
			<xmax>66</xmax>
			<ymax>163</ymax>
		</bndbox>
	</object>
	<object>
		<name>desk</name>
		<pose>Unspecified</pose>
		<truncated>0</truncated>
		<difficult>0</difficult>
		<bndbox>
			<xmin>87</xmin>
			<ymin>116</ymin>
			<xmax>134</xmax>
			<ymax>162</ymax>
		</bndbox>
	</object>
</annotation>
