<annotation verified="yes">
	<folder>imgs</folder>
	<filename>desk_108.jpg</filename>
	<path>/home/rpete/Design/desk_dataset/imgs/desk_108.jpg</path>
	<source>
		<database>Unknown</database>
	</source>
	<size>
		<width>275</width>
		<height>183</height>
		<depth>24</depth>
	</size>
	<segmented>0</segmented>
	<object>
		<name>desk</name>
		<pose>Unspecified</pose>
		<truncated>0</truncated>
		<difficult>0</difficult>
		<bndbox>
			<xmin>0</xmin>
			<ymin>103</ymin>
			<xmax>50</xmax>
			<ymax>152</ymax>
		</bndbox>
	</object>
	<object>
		<name>desk</name>
		<pose>Unspecified</pose>
		<truncated>0</truncated>
		<difficult>0</difficult>
		<bndbox>
			<xmin>57</xmin>
			<ymin>86</ymin>
			<xmax>89</xmax>
			<ymax>103</ymax>
		</bndbox>
	</object>
	<object>
		<name>desk</name>
		<pose>Unspecified</pose>
		<truncated>0</truncated>
		<difficult>0</difficult>
		<bndbox>
			<xmin>124</xmin>
			<ymin>87</ymin>
			<xmax>167</xmax>
			<ymax>100</ymax>
		</bndbox>
	</object>
	<object>
		<name>desk</name>
		<pose>Unspecified</pose>
		<truncated>0</truncated>
		<difficult>0</difficult>
		<bndbox>
			<xmin>165</xmin>
			<ymin>91</ymin>
			<xmax>208</xmax>
			<ymax>111</ymax>
		</bndbox>
	</object>
	<object>
		<name>desk</name>
		<pose>Unspecified</pose>
		<truncated>0</truncated>
		<difficult>0</difficult>
		<bndbox>
			<xmin>194</xmin>
			<ymin>89</ymin>
			<xmax>230</xmax>
			<ymax>105</ymax>
		</bndbox>
	</object>
	<object>
		<name>desk</name>
		<pose>Unspecified</pose>
		<truncated>0</truncated>
		<difficult>0</difficult>
		<bndbox>
			<xmin>215</xmin>
			<ymin>105</ymin>
			<xmax>272</xmax>
			<ymax>155</ymax>
		</bndbox>
	</object>
	<object>
		<name>desk</name>
		<pose>Unspecified</pose>
		<truncated>0</truncated>
		<difficult>0</difficult>
		<bndbox>
			<xmin>173</xmin>
			<ymin>112</ymin>
			<xmax>242</xmax>
			<ymax>182</ymax>
		</bndbox>
	</object>
	<object>
		<name>desk</name>
		<pose>Unspecified</pose>
		<truncated>0</truncated>
		<difficult>0</difficult>
		<bndbox>
			<xmin>98</xmin>
			<ymin>126</ymin>
			<xmax>195</xmax>
			<ymax>182</ymax>
		</bndbox>
	</object>
	<object>
		<name>desk</name>
		<pose>Unspecified</pose>
		<truncated>0</truncated>
		<difficult>0</difficult>
		<bndbox>
			<xmin>44</xmin>
			<ymin>105</ymin>
			<xmax>113</xmax>
			<ymax>175</ymax>
		</bndbox>
	</object>
	<object>
		<name>desk</name>
		<pose>Unspecified</pose>
		<truncated>0</truncated>
		<difficult>0</difficult>
		<bndbox>
			<xmin>119</xmin>
			<ymin>99</ymin>
			<xmax>173</xmax>
			<ymax>115</ymax>
		</bndbox>
	</object>

</annotation>
