<annotation verified="yes">
	<folder>imgs</folder>
	<filename>desk_156.jpg</filename>
	<path>/home/rpete/Design/desk_dataset/imgs/desk_156.jpg</path>
	<source>
		<database>Unknown</database>
	</source>
	<size>
		<width>179</width>
		<height>282</height>
		<depth>24</depth>
	</size>
	<segmented>0</segmented>
	<object>
		<name>desk</name>
		<pose>Unspecified</pose>
		<truncated>0</truncated>
		<difficult>0</difficult>
		<bndbox>
			<xmin>14</xmin>
			<ymin>119</ymin>
			<xmax>154</xmax>
			<ymax>281</ymax>
		</bndbox>
	</object>
	<object>
		<name>desk</name>
		<pose>Unspecified</pose>
		<truncated>0</truncated>
		<difficult>0</difficult>
		<bndbox>
			<xmin>41</xmin>
			<ymin>58</ymin>
			<xmax>128</xmax>
			<ymax>118</ymax>
		</bndbox>
	</object>
	<object>
		<name>desk</name>
		<pose>Unspecified</pose>
		<truncated>0</truncated>
		<difficult>0</difficult>
		<bndbox>
			<xmin>60</xmin>
			<ymin>23</ymin>
			<xmax>105</xmax>
			<ymax>64</ymax>
		</bndbox>
	</object>
</annotation>
