<annotation verified="yes">
	<folder>imgs</folder>
	<filename>desk_133.jpg</filename>
	<path>/home/rpete/Design/desk_dataset/imgs/desk_133.jpg</path>
	<source>
		<database>Unknown</database>
	</source>
	<size>
		<width>300</width>
		<height>168</height>
		<depth>24</depth>
	</size>
	<segmented>0</segmented>
	<object>
		<name>desk</name>
		<pose>Unspecified</pose>
		<truncated>0</truncated>
		<difficult>0</difficult>
		<bndbox>
			<xmin>142</xmin>
			<ymin>77</ymin>
			<xmax>262</xmax>
			<ymax>167</ymax>
		</bndbox>
	</object>
	<object>
		<name>desk</name>
		<pose>Unspecified</pose>
		<truncated>0</truncated>
		<difficult>0</difficult>
		<bndbox>
			<xmin>84</xmin>
			<ymin>59</ymin>
			<xmax>175</xmax>
			<ymax>159</ymax>
		</bndbox>
	</object>
	<object>
		<name>desk</name>
		<pose>Unspecified</pose>
		<truncated>0</truncated>
		<difficult>0</difficult>
		<bndbox>
			<xmin>41</xmin>
			<ymin>52</ymin>
			<xmax>116</xmax>
			<ymax>132</ymax>
		</bndbox>
	</object>
</annotation>
