<annotation verified="yes">
	<folder>imgs</folder>
	<filename>desk_113.jpg</filename>
	<path>/home/rpete/Design/desk_dataset/imgs/desk_113.jpg</path>
	<source>
		<database>Unknown</database>
	</source>
	<size>
		<width>275</width>
		<height>183</height>
		<depth>24</depth>
	</size>
	<segmented>0</segmented>
	<object>
		<name>desk</name>
		<pose>Unspecified</pose>
		<truncated>0</truncated>
		<difficult>0</difficult>
		<bndbox>
			<xmin>29</xmin>
			<ymin>33</ymin>
			<xmax>55</xmax>
			<ymax>66</ymax>
		</bndbox>
	</object>
	<object>
		<name>desk</name>
		<pose>Unspecified</pose>
		<truncated>0</truncated>
		<difficult>0</difficult>
		<bndbox>
			<xmin>0</xmin>
			<ymin>40</ymin>
			<xmax>40</xmax>
			<ymax>71</ymax>
		</bndbox>
	</object>
	<object>
		<name>desk</name>
		<pose>Unspecified</pose>
		<truncated>0</truncated>
		<difficult>0</difficult>
		<bndbox>
			<xmin>0</xmin>
			<ymin>113</ymin>
			<xmax>70</xmax>
			<ymax>183</ymax>
		</bndbox>
	</object>
	<object>
		<name>desk</name>
		<pose>Unspecified</pose>
		<truncated>0</truncated>
		<difficult>0</difficult>
		<bndbox>
			<xmin>24</xmin>
			<ymin>70</ymin>
			<xmax>98</xmax>
			<ymax>150</ymax>
		</bndbox>
	</object>
	<object>
		<name>desk</name>
		<pose>Unspecified</pose>
		<truncated>0</truncated>
		<difficult>0</difficult>
		<bndbox>
			<xmin>57</xmin>
			<ymin>53</ymin>
			<xmax>105</xmax>
			<ymax>93</ymax>
		</bndbox>
	</object>
	<object>
		<name>desk</name>
		<pose>Unspecified</pose>
		<truncated>0</truncated>
		<difficult>0</difficult>
		<bndbox>
			<xmin>77</xmin>
			<ymin>43</ymin>
			<xmax>111</xmax>
			<ymax>79</ymax>
		</bndbox>
	</object>
	<object>
		<name>desk</name>
		<pose>Unspecified</pose>
		<truncated>0</truncated>
		<difficult>0</difficult>
		<bndbox>
			<xmin>164</xmin>
			<ymin>118</ymin>
			<xmax>274</xmax>
			<ymax>182</ymax>
		</bndbox>
	</object>
	<object>
		<name>desk</name>
		<pose>Unspecified</pose>
		<truncated>0</truncated>
		<difficult>0</difficult>
		<bndbox>
			<xmin>152</xmin>
			<ymin>70</ymin>
			<xmax>215</xmax>
			<ymax>150</ymax>
		</bndbox>
	</object>
	<object>
		<name>desk</name>
		<pose>Unspecified</pose>
		<truncated>0</truncated>
		<difficult>0</difficult>
		<bndbox>
			<xmin>146</xmin>
			<ymin>53</ymin>
			<xmax>191</xmax>
			<ymax>92</ymax>
		</bndbox>
	</object>
	<object>
		<name>desk</name>
		<pose>Unspecified</pose>
		<truncated>0</truncated>
		<difficult>0</difficult>
		<bndbox>
			<xmin>143</xmin>
			<ymin>42</ymin>
			<xmax>177</xmax>
			<ymax>75</ymax>
		</bndbox>
	</object>
	<object>
		<name>desk</name>
		<pose>Unspecified</pose>
		<truncated>0</truncated>
		<difficult>0</difficult>
		<bndbox>
			<xmin>220</xmin>
			<ymin>36</ymin>
			<xmax>253</xmax>
			<ymax>71</ymax>
		</bndbox>
	</object>
	<object>
		<name>desk</name>
		<pose>Unspecified</pose>
		<truncated>0</truncated>
		<difficult>0</difficult>
		<bndbox>
			<xmin>238</xmin>
			<ymin>43</ymin>
			<xmax>274</xmax>
			<ymax>89</ymax>
		</bndbox>
	</object>

</annotation>
