<annotation verified="yes">
	<folder>imgs</folder>
	<filename>desk_090.jpg</filename>
	<path>/home/rpete/Design/desk_dataset/imgs/desk_090.jpg</path>
	<source>
		<database>Unknown</database>
	</source>
	<size>
		<width>1920</width>
		<height>1080</height>
		<depth>24</depth>
	</size>
	<segmented>0</segmented>
	<object>
		<name>desk</name>
		<pose>Unspecified</pose>
		<truncated>0</truncated>
		<difficult>0</difficult>
		<bndbox>
			<xmin>208</xmin>
			<ymin>89</ymin>
			<xmax>1631</xmax>
			<ymax>1050</ymax>
		</bndbox>
	</object>
</annotation>
