<annotation verified="yes">
	<folder>imgs</folder>
	<filename>desk_105.jpg</filename>
	<path>/home/rpete/Design/desk_dataset/imgs/desk_105.jpg</path>
	<source>
		<database>Unknown</database>
	</source>
	<size>
		<width>196</width>
		<height>196</height>
		<depth>24</depth>
	</size>
	<segmented>0</segmented>
	<object>
		<name>desk</name>
		<pose>Unspecified</pose>
		<truncated>0</truncated>
		<difficult>0</difficult>
		<bndbox>
			<xmin>16</xmin>
			<ymin>0</ymin>
			<xmax>180</xmax>
			<ymax>195</ymax>
		</bndbox>
	</object>
</annotation>
