<annotation verified="yes">
	<folder>imgs</folder>
	<filename>desk_085.jpg</filename>
	<path>/home/rpete/Design/desk_dataset/imgs/desk_085.jpg</path>
	<source>
		<database>Unknown</database>
	</source>
	<size>
		<width>194</width>
		<height>259</height>
		<depth>24</depth>
	</size>
	<segmented>0</segmented>
	<object>
		<name>desk</name>
		<pose>Unspecified</pose>
		<truncated>0</truncated>
		<difficult>0</difficult>
		<bndbox>
			<xmin>19</xmin>
			<ymin>126</ymin>
			<xmax>189</xmax>
			<ymax>251</ymax>
		</bndbox>
	</object>
</annotation>
