<annotation verified="yes">
	<folder>imgs</folder>
	<filename>desk_158.jpg</filename>
	<path>/home/rpete/Design/desk_dataset/imgs/desk_158.jpg</path>
	<source>
		<database>Unknown</database>
	</source>
	<size>
		<width>174</width>
		<height>290</height>
		<depth>24</depth>
	</size>
	<segmented>0</segmented>
	<object>
		<name>desk</name>
		<pose>Unspecified</pose>
		<truncated>0</truncated>
		<difficult>0</difficult>
		<bndbox>
			<xmin>22</xmin>
			<ymin>123</ymin>
			<xmax>170</xmax>
			<ymax>289</ymax>
		</bndbox>
	</object>
</annotation>
