<annotation verified="yes">
	<folder>imgs</folder>
	<filename>desk_188.jpg</filename>
	<path>/home/rpete/Design/desk_dataset/imgs/desk_188.jpg</path>
	<source>
		<database>Unknown</database>
	</source>
	<size>
		<width>355</width>
		<height>142</height>
		<depth>24</depth>
	</size>
	<segmented>0</segmented>
	<object>
		<name>desk</name>
		<pose>Unspecified</pose>
		<truncated>0</truncated>
		<difficult>0</difficult>
		<bndbox>
			<xmin>10</xmin>
			<ymin>97</ymin>
			<xmax>96</xmax>
			<ymax>141</ymax>
		</bndbox>
	</object>
	<object>
		<name>desk</name>
		<pose>Unspecified</pose>
		<truncated>0</truncated>
		<difficult>0</difficult>
		<bndbox>
			<xmin>69</xmin>
			<ymin>90</ymin>
			<xmax>118</xmax>
			<ymax>106</ymax>
		</bndbox>
	</object>
	<object>
		<name>desk</name>
		<pose>Unspecified</pose>
		<truncated>0</truncated>
		<difficult>0</difficult>
		<bndbox>
			<xmin>139</xmin>
			<ymin>100</ymin>
			<xmax>212</xmax>
			<ymax>113</ymax>
		</bndbox>
	</object>
</annotation>
