<annotation verified="yes">
	<folder>imgs</folder>
	<filename>desk_048.jpg</filename>
	<path>/home/rpete/Design/desk_dataset/imgs/desk_048.jpg</path>
	<source>
		<database>Unknown</database>
	</source>
	<size>
		<width>1536</width>
		<height>2048</height>
		<depth>24</depth>
	</size>
	<segmented>0</segmented>
	<object>
		<name>desk</name>
		<pose>Unspecified</pose>
		<truncated>0</truncated>
		<difficult>0</difficult>
		<bndbox>
			<xmin>134</xmin>
			<ymin>212</ymin>
			<xmax>1400</xmax>
			<ymax>1994</ymax>
		</bndbox>
	</object>
</annotation>
