<annotation verified="yes">
	<folder>imgs</folder>
	<filename>desk_021.jpg</filename>
	<path>/home/rpete/Design/desk_dataset/imgs/desk_021.jpg</path>
	<source>
		<database>Unknown</database>
	</source>
	<size>
		<width>350</width>
		<height>350</height>
		<depth>24</depth>
	</size>
	<segmented>0</segmented>
	<object>
		<name>desk</name>
		<pose>Unspecified</pose>
		<truncated>0</truncated>
		<difficult>0</difficult>
		<bndbox>
			<xmin>4</xmin>
			<ymin>5</ymin>
			<xmax>349</xmax>
			<ymax>332</ymax>
		</bndbox>
	</object>
</annotation>
