<annotation verified="yes">
	<folder>imgs</folder>
	<filename>desk_009.jpg</filename>
	<path>/home/rpete/Design/desk_dataset/imgs/desk_009.jpg</path>
	<source>
		<database>Unknown</database>
	</source>
	<size>
		<width>540</width>
		<height>540</height>
		<depth>24</depth>
	</size>
	<segmented>0</segmented>
	<object>
		<name>desk</name>
		<pose>Unspecified</pose>
		<truncated>0</truncated>
		<difficult>0</difficult>
		<bndbox>
			<xmin>3</xmin>
			<ymin>10</ymin>
			<xmax>500</xmax>
			<ymax>539</ymax>
		</bndbox>
	</object>
</annotation>
