<annotation verified="yes">
	<folder>imgs</folder>
	<filename>desk_176.jpg</filename>
	<path>/home/rpete/Design/desk_dataset/imgs/desk_176.jpg</path>
	<source>
		<database>Unknown</database>
	</source>
	<size>
		<width>300</width>
		<height>168</height>
		<depth>24</depth>
	</size>
	<segmented>0</segmented>
	<object>
		<name>desk</name>
		<pose>Unspecified</pose>
		<truncated>0</truncated>
		<difficult>0</difficult>
		<bndbox>
			<xmin>122</xmin>
			<ymin>112</ymin>
			<xmax>201</xmax>
			<ymax>162</ymax>
		</bndbox>
	</object>
	<object>
		<name>desk</name>
		<pose>Unspecified</pose>
		<truncated>0</truncated>
		<difficult>0</difficult>
		<bndbox>
			<xmin>98</xmin>
			<ymin>103</ymin>
			<xmax>165</xmax>
			<ymax>114</ymax>
		</bndbox>
	</object>
	<object>
		<name>desk</name>
		<pose>Unspecified</pose>
		<truncated>0</truncated>
		<difficult>0</difficult>
		<bndbox>
			<xmin>205</xmin>
			<ymin>97</ymin>
			<xmax>248</xmax>
			<ymax>120</ymax>
		</bndbox>
	</object>
	<object>
		<name>desk</name>
		<pose>Unspecified</pose>
		<truncated>0</truncated>
		<difficult>0</difficult>
		<bndbox>
			<xmin>267</xmin>
			<ymin>87</ymin>
			<xmax>299</xmax>
			<ymax>105</ymax>
		</bndbox>
	</object>
</annotation>
