<annotation verified="yes">
	<folder>imgs</folder>
	<filename>desk_005.jpg</filename>
	<path>/home/rpete/Design/desk_dataset/imgs/desk_005.jpg</path>
	<source>
		<database>Unknown</database>
	</source>
	<size>
		<width>223</width>
		<height>226</height>
		<depth>24</depth>
	</size>
	<segmented>0</segmented>
	<object>
		<name>desk</name>
		<pose>Unspecified</pose>
		<truncated>0</truncated>
		<difficult>0</difficult>
		<bndbox>
			<xmin>3</xmin>
			<ymin>6</ymin>
			<xmax>220</xmax>
			<ymax>225</ymax>
		</bndbox>
	</object>
</annotation>
