<annotation verified="yes">
	<folder>imgs</folder>
	<filename>desk_186.jpg</filename>
	<path>/home/rpete/Design/desk_dataset/imgs/desk_186.jpg</path>
	<source>
		<database>Unknown</database>
	</source>
	<size>
		<width>299</width>
		<height>168</height>
		<depth>24</depth>
	</size>
	<segmented>0</segmented>
	<object>
		<name>desk</name>
		<pose>Unspecified</pose>
		<truncated>0</truncated>
		<difficult>0</difficult>
		<bndbox>
			<xmin>26</xmin>
			<ymin>96</ymin>
			<xmax>75</xmax>
			<ymax>132</ymax>
		</bndbox>
	</object>
	<object>
		<name>desk</name>
		<pose>Unspecified</pose>
		<truncated>0</truncated>
		<difficult>0</difficult>
		<bndbox>
			<xmin>94</xmin>
			<ymin>85</ymin>
			<xmax>156</xmax>
			<ymax>128</ymax>
		</bndbox>
	</object>
	<object>
		<name>desk</name>
		<pose>Unspecified</pose>
		<truncated>0</truncated>
		<difficult>0</difficult>
		<bndbox>
			<xmin>246</xmin>
			<ymin>18</ymin>
			<xmax>298</xmax>
			<ymax>43</ymax>
		</bndbox>
	</object>
	<object>
		<name>desk</name>
		<pose>Unspecified</pose>
		<truncated>0</truncated>
		<difficult>0</difficult>
		<bndbox>
			<xmin>229</xmin>
			<ymin>93</ymin>
			<xmax>298</xmax>
			<ymax>105</ymax>
		</bndbox>
	</object>
	<object>
		<name>desk</name>
		<pose>Unspecified</pose>
		<truncated>0</truncated>
		<difficult>0</difficult>
		<bndbox>
			<xmin>83</xmin>
			<ymin>62</ymin>
			<xmax>116</xmax>
			<ymax>81</ymax>
		</bndbox>
	</object>
</annotation>
