<annotation verified="yes">
	<folder>imgs</folder>
	<filename>desk_074.jpg</filename>
	<path>/home/rpete/Design/desk_dataset/imgs/desk_074.jpg</path>
	<source>
		<database>Unknown</database>
	</source>
	<size>
		<width>322</width>
		<height>400</height>
		<depth>24</depth>
	</size>
	<segmented>0</segmented>
	<object>
		<name>desk</name>
		<pose>Unspecified</pose>
		<truncated>0</truncated>
		<difficult>0</difficult>
		<bndbox>
			<xmin>4</xmin>
			<ymin>35</ymin>
			<xmax>316</xmax>
			<ymax>382</ymax>
		</bndbox>
	</object>
</annotation>
