<annotation verified="yes">
	<folder>imgs</folder>
	<filename>desk_153.jpg</filename>
	<path>/home/rpete/Design/desk_dataset/imgs/desk_153.jpg</path>
	<source>
		<database>Unknown</database>
	</source>
	<size>
		<width>189</width>
		<height>266</height>
		<depth>24</depth>
	</size>
	<segmented>0</segmented>
	<object>
		<name>desk</name>
		<pose>Unspecified</pose>
		<truncated>0</truncated>
		<difficult>0</difficult>
		<bndbox>
			<xmin>11</xmin>
			<ymin>49</ymin>
			<xmax>127</xmax>
			<ymax>198</ymax>
		</bndbox>
	</object>
	<object>
		<name>desk</name>
		<pose>Unspecified</pose>
		<truncated>0</truncated>
		<difficult>0</difficult>
		<bndbox>
			<xmin>93</xmin>
			<ymin>21</ymin>
			<xmax>170</xmax>
			<ymax>122</ymax>
		</bndbox>
	</object>
	<object>
		<name>desk</name>
		<pose>Unspecified</pose>
		<truncated>0</truncated>
		<difficult>0</difficult>
		<bndbox>
			<xmin>0</xmin>
			<ymin>13</ymin>
			<xmax>67</xmax>
			<ymax>62</ymax>
		</bndbox>
	</object>
</annotation>
