<annotation verified="yes">
	<folder>imgs</folder>
	<filename>desk_076.jpg</filename>
	<path>/home/rpete/Design/desk_dataset/imgs/desk_076.jpg</path>
	<source>
		<database>Unknown</database>
	</source>
	<size>
		<width>475</width>
		<height>475</height>
		<depth>24</depth>
	</size>
	<segmented>0</segmented>
	<object>
		<name>desk</name>
		<pose>Unspecified</pose>
		<truncated>0</truncated>
		<difficult>0</difficult>
		<bndbox>
			<xmin>62</xmin>
			<ymin>23</ymin>
			<xmax>402</xmax>
			<ymax>438</ymax>
		</bndbox>
	</object>
</annotation>
