<annotation verified="yes">
	<folder>imgs</folder>
	<filename>desk_155.jpg</filename>
	<path>/home/rpete/Design/desk_dataset/imgs/desk_155.jpg</path>
	<source>
		<database>Unknown</database>
	</source>
	<size>
		<width>270</width>
		<height>187</height>
		<depth>24</depth>
	</size>
	<segmented>0</segmented>
	<object>
		<name>desk</name>
		<pose>Unspecified</pose>
		<truncated>0</truncated>
		<difficult>0</difficult>
		<bndbox>
			<xmin>0</xmin>
			<ymin>29</ymin>
			<xmax>137</xmax>
			<ymax>181</ymax>
		</bndbox>
	</object>
</annotation>
