<annotation verified="yes">
	<folder>imgs</folder>
	<filename>desk_035.jpg</filename>
	<path>/home/rpete/Design/desk_dataset/imgs/desk_035.jpg</path>
	<source>
		<database>Unknown</database>
	</source>
	<size>
		<width>1800</width>
		<height>1200</height>
		<depth>24</depth>
	</size>
	<segmented>0</segmented>
	<object>
		<name>desk</name>
		<pose>Unspecified</pose>
		<truncated>0</truncated>
		<difficult>0</difficult>
		<bndbox>
			<xmin>156</xmin>
			<ymin>252</ymin>
			<xmax>858</xmax>
			<ymax>990</ymax>
		</bndbox>
	</object>
	<object>
		<name>desk</name>
		<pose>Unspecified</pose>
		<truncated>0</truncated>
		<difficult>0</difficult>
		<bndbox>
			<xmin>944</xmin>
			<ymin>204</ymin>
			<xmax>1678</xmax>
			<ymax>1066</ymax>
		</bndbox>
	</object>
</annotation>
