<annotation verified="yes">
	<folder>imgs</folder>
	<filename>desk_053.jpg</filename>
	<path>/home/rpete/Design/desk_dataset/imgs/desk_053.jpg</path>
	<source>
		<database>Unknown</database>
	</source>
	<size>
		<width>220</width>
		<height>229</height>
		<depth>24</depth>
	</size>
	<segmented>0</segmented>
	<object>
		<name>desk</name>
		<pose>Unspecified</pose>
		<truncated>0</truncated>
		<difficult>0</difficult>
		<bndbox>
			<xmin>8</xmin>
			<ymin>19</ymin>
			<xmax>191</xmax>
			<ymax>220</ymax>
		</bndbox>
	</object>
</annotation>
