<annotation verified="yes">
	<folder>imgs</folder>
	<filename>desk_175.jpg</filename>
	<path>/home/rpete/Design/desk_dataset/imgs/desk_175.jpg</path>
	<source>
		<database>Unknown</database>
	</source>
	<size>
		<width>285</width>
		<height>177</height>
		<depth>24</depth>
	</size>
	<segmented>0</segmented>
	<object>
		<name>desk</name>
		<pose>Unspecified</pose>
		<truncated>0</truncated>
		<difficult>0</difficult>
		<bndbox>
			<xmin>4</xmin>
			<ymin>58</ymin>
			<xmax>112</xmax>
			<ymax>128</ymax>
		</bndbox>
	</object>
	<object>
		<name>desk</name>
		<pose>Unspecified</pose>
		<truncated>0</truncated>
		<difficult>0</difficult>
		<bndbox>
			<xmin>107</xmin>
			<ymin>59</ymin>
			<xmax>209</xmax>
			<ymax>143</ymax>
		</bndbox>
	</object>
	<object>
		<name>desk</name>
		<pose>Unspecified</pose>
		<truncated>0</truncated>
		<difficult>0</difficult>
		<bndbox>
			<xmin>207</xmin>
			<ymin>62</ymin>
			<xmax>284</xmax>
			<ymax>129</ymax>
		</bndbox>
	</object>
	<object>
		<name>desk</name>
		<pose>Unspecified</pose>
		<truncated>0</truncated>
		<difficult>0</difficult>
		<bndbox>
			<xmin>0</xmin>
			<ymin>30</ymin>
			<xmax>54</xmax>
			<ymax>60</ymax>
		</bndbox>
	</object>
	<object>
		<name>desk</name>
		<pose>Unspecified</pose>
		<truncated>0</truncated>
		<difficult>0</difficult>
		<bndbox>
			<xmin>56</xmin>
			<ymin>29</ymin>
			<xmax>120</xmax>
			<ymax>59</ymax>
		</bndbox>
	</object>
	<object>
		<name>desk</name>
		<pose>Unspecified</pose>
		<truncated>0</truncated>
		<difficult>0</difficult>
		<bndbox>
			<xmin>125</xmin>
			<ymin>32</ymin>
			<xmax>191</xmax>
			<ymax>62</ymax>
		</bndbox>
	</object>
	<object>
		<name>desk</name>
		<pose>Unspecified</pose>
		<truncated>0</truncated>
		<difficult>0</difficult>
		<bndbox>
			<xmin>190</xmin>
			<ymin>32</ymin>
			<xmax>258</xmax>
			<ymax>59</ymax>
		</bndbox>
	</object>
</annotation>
