<annotation verified="yes">
	<folder>imgs</folder>
	<filename>desk_106.jpg</filename>
	<path>/home/rpete/Design/desk_dataset/imgs/desk_106.jpg</path>
	<source>
		<database>Unknown</database>
	</source>
	<size>
		<width>215</width>
		<height>215</height>
		<depth>24</depth>
	</size>
	<segmented>0</segmented>
	<object>
		<name>desk</name>
		<pose>Unspecified</pose>
		<truncated>0</truncated>
		<difficult>0</difficult>
		<bndbox>
			<xmin>30</xmin>
			<ymin>91</ymin>
			<xmax>182</xmax>
			<ymax>214</ymax>
		</bndbox>
	</object>
	<object>
		<name>desk</name>
		<pose>Unspecified</pose>
		<truncated>0</truncated>
		<difficult>0</difficult>
		<bndbox>
			<xmin>98</xmin>
			<ymin>62</ymin>
			<xmax>160</xmax>
			<ymax>95</ymax>
		</bndbox>
	</object>
</annotation>
