<annotation verified="yes">
	<folder>imgs</folder>
	<filename>desk_068.jpg</filename>
	<path>/home/rpete/Design/desk_dataset/imgs/desk_068.jpg</path>
	<source>
		<database>Unknown</database>
	</source>
	<size>
		<width>1152</width>
		<height>768</height>
		<depth>24</depth>
	</size>
	<segmented>0</segmented>
	<object>
		<name>desk</name>
		<pose>Unspecified</pose>
		<truncated>0</truncated>
		<difficult>0</difficult>
		<bndbox>
			<xmin>654</xmin>
			<ymin>535</ymin>
			<xmax>950</xmax>
			<ymax>680</ymax>
		</bndbox>
	</object>
</annotation>
