<annotation verified="yes">
	<folder>imgs</folder>
	<filename>desk_116.jpg</filename>
	<path>/home/rpete/Design/desk_dataset/imgs/desk_116.jpg</path>
	<source>
		<database>Unknown</database>
	</source>
	<size>
		<width>225</width>
		<height>225</height>
		<depth>24</depth>
	</size>
	<segmented>0</segmented>
	<object>
		<name>desk</name>
		<pose>Unspecified</pose>
		<truncated>0</truncated>
		<difficult>0</difficult>
		<bndbox>
			<xmin>44</xmin>
			<ymin>27</ymin>
			<xmax>180</xmax>
			<ymax>201</ymax>
		</bndbox>
	</object>
</annotation>
