<annotation verified="yes">
	<folder>imgs</folder>
	<filename>desk_111.jpg</filename>
	<path>/home/rpete/Design/desk_dataset/imgs/desk_111.jpg</path>
	<source>
		<database>Unknown</database>
	</source>
	<size>
		<width>342</width>
		<height>147</height>
		<depth>24</depth>
	</size>
	<segmented>0</segmented>
	<object>
		<name>desk</name>
		<pose>Unspecified</pose>
		<truncated>0</truncated>
		<difficult>0</difficult>
		<bndbox>
			<xmin>18</xmin>
			<ymin>8</ymin>
			<xmax>114</xmax>
			<ymax>121</ymax>
		</bndbox>
	</object>
	<object>
		<name>desk</name>
		<pose>Unspecified</pose>
		<truncated>0</truncated>
		<difficult>0</difficult>
		<bndbox>
			<xmin>116</xmin>
			<ymin>29</ymin>
			<xmax>210</xmax>
			<ymax>134</ymax>
		</bndbox>
	</object>
	<object>
		<name>desk</name>
		<pose>Unspecified</pose>
		<truncated>0</truncated>
		<difficult>0</difficult>
		<bndbox>
			<xmin>203</xmin>
			<ymin>15</ymin>
			<xmax>324</xmax>
			<ymax>133</ymax>
		</bndbox>
	</object>
</annotation>
