<annotation verified="yes">
	<folder>imgs</folder>
	<filename>desk_060.jpg</filename>
	<path>/home/rpete/Design/desk_dataset/imgs/desk_060.jpg</path>
	<source>
		<database>Unknown</database>
	</source>
	<size>
		<width>1200</width>
		<height>1200</height>
		<depth>24</depth>
	</size>
	<segmented>0</segmented>
	<object>
		<name>desk</name>
		<pose>Unspecified</pose>
		<truncated>0</truncated>
		<difficult>0</difficult>
		<bndbox>
			<xmin>285</xmin>
			<ymin>352</ymin>
			<xmax>935</xmax>
			<ymax>1139</ymax>
		</bndbox>
	</object>
</annotation>
