<annotation verified="yes">
	<folder>imgs</folder>
	<filename>desk_066.jpg</filename>
	<path>/home/rpete/Design/desk_dataset/imgs/desk_066.jpg</path>
	<source>
		<database>Unknown</database>
	</source>
	<size>
		<width>964</width>
		<height>502</height>
		<depth>24</depth>
	</size>
	<segmented>0</segmented>
	<object>
		<name>desk</name>
		<pose>Unspecified</pose>
		<truncated>0</truncated>
		<difficult>0</difficult>
		<bndbox>
			<xmin>166</xmin>
			<ymin>161</ymin>
			<xmax>255</xmax>
			<ymax>460</ymax>
		</bndbox>
	</object>
	<object>
		<name>desk</name>
		<pose>Unspecified</pose>
		<truncated>0</truncated>
		<difficult>0</difficult>
		<bndbox>
			<xmin>368</xmin>
			<ymin>277</ymin>
			<xmax>958</xmax>
			<ymax>500</ymax>
		</bndbox>
	</object>
</annotation>
