<annotation verified="yes">
	<folder>imgs</folder>
	<filename>desk_025.jpg</filename>
	<path>/home/rpete/Design/desk_dataset/imgs/desk_025.jpg</path>
	<source>
		<database>Unknown</database>
	</source>
	<size>
		<width>300</width>
		<height>400</height>
		<depth>24</depth>
	</size>
	<segmented>0</segmented>
	<object>
		<name>desk</name>
		<pose>Unspecified</pose>
		<truncated>0</truncated>
		<difficult>0</difficult>
		<bndbox>
			<xmin>1</xmin>
			<ymin>21</ymin>
			<xmax>243</xmax>
			<ymax>355</ymax>
		</bndbox>
	</object>
</annotation>
