<annotation verified="yes">
	<folder>imgs</folder>
	<filename>desk_036.jpg</filename>
	<path>/home/rpete/Design/desk_dataset/imgs/desk_036.jpg</path>
	<source>
		<database>Unknown</database>
	</source>
	<size>
		<width>226</width>
		<height>223</height>
		<depth>24</depth>
	</size>
	<segmented>0</segmented>
	<object>
		<name>desk</name>
		<pose>Unspecified</pose>
		<truncated>0</truncated>
		<difficult>0</difficult>
		<bndbox>
			<xmin>4</xmin>
			<ymin>5</ymin>
			<xmax>218</xmax>
			<ymax>218</ymax>
		</bndbox>
	</object>
</annotation>
