<annotation verified="yes">
	<folder>imgs</folder>
	<filename>desk_109.jpg</filename>
	<path>/home/rpete/Design/desk_dataset/imgs/desk_109.jpg</path>
	<source>
		<database>Unknown</database>
	</source>
	<size>
		<width>286</width>
		<height>176</height>
		<depth>24</depth>
	</size>
	<segmented>0</segmented>
	<object>
		<name>desk</name>
		<pose>Unspecified</pose>
		<truncated>0</truncated>
		<difficult>0</difficult>
		<bndbox>
			<xmin>10</xmin>
			<ymin>50</ymin>
			<xmax>64</xmax>
			<ymax>122</ymax>
		</bndbox>
	</object>
	<object>
		<name>desk</name>
		<pose>Unspecified</pose>
		<truncated>0</truncated>
		<difficult>0</difficult>
		<bndbox>
			<xmin>72</xmin>
			<ymin>39</ymin>
			<xmax>121</xmax>
			<ymax>59</ymax>
		</bndbox>
	</object>
	<object>
		<name>desk</name>
		<pose>Unspecified</pose>
		<truncated>0</truncated>
		<difficult>0</difficult>
		<bndbox>
			<xmin>70</xmin>
			<ymin>59</ymin>
			<xmax>136</xmax>
			<ymax>144</ymax>
		</bndbox>
	</object>
	<object>
		<name>desk</name>
		<pose>Unspecified</pose>
		<truncated>0</truncated>
		<difficult>0</difficult>
		<bndbox>
			<xmin>135</xmin>
			<ymin>47</ymin>
			<xmax>191</xmax>
			<ymax>117</ymax>
		</bndbox>
	</object>
	<object>
		<name>desk</name>
		<pose>Unspecified</pose>
		<truncated>0</truncated>
		<difficult>0</difficult>
		<bndbox>
			<xmin>163</xmin>
			<ymin>72</ymin>
			<xmax>238</xmax>
			<ymax>172</ymax>
		</bndbox>
	</object>
	<object>
		<name>desk</name>
		<pose>Unspecified</pose>
		<truncated>0</truncated>
		<difficult>0</difficult>
		<bndbox>
			<xmin>217</xmin>
			<ymin>56</ymin>
			<xmax>278</xmax>
			<ymax>136</ymax>
		</bndbox>
	</object>
</annotation>
