<annotation verified="yes">
	<folder>imgs</folder>
	<filename>desk_195.jpg</filename>
	<path>/home/rpete/Design/desk_dataset/imgs/desk_195.jpg</path>
	<source>
		<database>Unknown</database>
	</source>
	<size>
		<width>225</width>
		<height>225</height>
		<depth>24</depth>
	</size>
	<segmented>0</segmented>
	<object>
		<name>desk</name>
		<pose>Unspecified</pose>
		<truncated>0</truncated>
		<difficult>0</difficult>
		<bndbox>
			<xmin>21</xmin>
			<ymin>80</ymin>
			<xmax>149</xmax>
			<ymax>224</ymax>
		</bndbox>
	</object>
	<object>
		<name>desk</name>
		<pose>Unspecified</pose>
		<truncated>0</truncated>
		<difficult>0</difficult>
		<bndbox>
			<xmin>106</xmin>
			<ymin>65</ymin>
			<xmax>209</xmax>
			<ymax>194</ymax>
		</bndbox>
	</object>
</annotation>
