<annotation verified="yes">
	<folder>imgs</folder>
	<filename>desk_017.jpg</filename>
	<path>/home/rpete/Design/desk_dataset/imgs/desk_017.jpg</path>
	<source>
		<database>Unknown</database>
	</source>
	<size>
		<width>217</width>
		<height>232</height>
		<depth>24</depth>
	</size>
	<segmented>0</segmented>
	<object>
		<name>desk</name>
		<pose>Unspecified</pose>
		<truncated>0</truncated>
		<difficult>0</difficult>
		<bndbox>
			<xmin>0</xmin>
			<ymin>0</ymin>
			<xmax>216</xmax>
			<ymax>230</ymax>
		</bndbox>
	</object>
</annotation>
