<annotation verified="yes">
	<folder>imgs</folder>
	<filename>desk_115.jpg</filename>
	<path>/home/rpete/Design/desk_dataset/imgs/desk_115.jpg</path>
	<source>
		<database>Unknown</database>
	</source>
	<size>
		<width>304</width>
		<height>166</height>
		<depth>24</depth>
	</size>
	<segmented>0</segmented>
	<object>
		<name>desk</name>
		<pose>Unspecified</pose>
		<truncated>0</truncated>
		<difficult>0</difficult>
		<bndbox>
			<xmin>22</xmin>
			<ymin>52</ymin>
			<xmax>105</xmax>
			<ymax>127</ymax>
		</bndbox>
	</object>
	<object>
		<name>desk</name>
		<pose>Unspecified</pose>
		<truncated>0</truncated>
		<difficult>0</difficult>
		<bndbox>
			<xmin>89</xmin>
			<ymin>40</ymin>
			<xmax>155</xmax>
			<ymax>66</ymax>
		</bndbox>
	</object>
	<object>
		<name>desk</name>
		<pose>Unspecified</pose>
		<truncated>0</truncated>
		<difficult>0</difficult>
		<bndbox>
			<xmin>133</xmin>
			<ymin>33</ymin>
			<xmax>188</xmax>
			<ymax>52</ymax>
		</bndbox>
	</object>
	<object>
		<name>desk</name>
		<pose>Unspecified</pose>
		<truncated>0</truncated>
		<difficult>0</difficult>
		<bndbox>
			<xmin>158</xmin>
			<ymin>26</ymin>
			<xmax>211</xmax>
			<ymax>41</ymax>
		</bndbox>
	</object>
	<object>
		<name>desk</name>
		<pose>Unspecified</pose>
		<truncated>0</truncated>
		<difficult>0</difficult>
		<bndbox>
			<xmin>113</xmin>
			<ymin>64</ymin>
			<xmax>235</xmax>
			<ymax>165</ymax>
		</bndbox>
	</object>
	<object>
		<name>desk</name>
		<pose>Unspecified</pose>
		<truncated>0</truncated>
		<difficult>0</difficult>
		<bndbox>
			<xmin>172</xmin>
			<ymin>47</ymin>
			<xmax>260</xmax>
			<ymax>118</ymax>
		</bndbox>
	</object>
	<object>
		<name>desk</name>
		<pose>Unspecified</pose>
		<truncated>0</truncated>
		<difficult>0</difficult>
		<bndbox>
			<xmin>206</xmin>
			<ymin>38</ymin>
			<xmax>275</xmax>
			<ymax>88</ymax>
		</bndbox>
	</object>
	<object>
		<name>desk</name>
		<pose>Unspecified</pose>
		<truncated>0</truncated>
		<difficult>0</difficult>
		<bndbox>
			<xmin>228</xmin>
			<ymin>32</ymin>
			<xmax>284</xmax>
			<ymax>41</ymax>
		</bndbox>
	</object>
</annotation>
