<annotation verified="yes">
	<folder>imgs</folder>
	<filename>desk_180.jpg</filename>
	<path>/home/rpete/Design/desk_dataset/imgs/desk_180.jpg</path>
	<source>
		<database>Unknown</database>
	</source>
	<size>
		<width>290</width>
		<height>174</height>
		<depth>24</depth>
	</size>
	<segmented>0</segmented>
	<object>
		<name>desk</name>
		<pose>Unspecified</pose>
		<truncated>0</truncated>
		<difficult>0</difficult>
		<bndbox>
			<xmin>0</xmin>
			<ymin>120</ymin>
			<xmax>200</xmax>
			<ymax>172</ymax>
		</bndbox>
	</object>
	<object>
		<name>desk</name>
		<pose>Unspecified</pose>
		<truncated>0</truncated>
		<difficult>0</difficult>
		<bndbox>
			<xmin>211</xmin>
			<ymin>98</ymin>
			<xmax>287</xmax>
			<ymax>157</ymax>
		</bndbox>
	</object>
	<object>
		<name>desk</name>
		<pose>Unspecified</pose>
		<truncated>0</truncated>
		<difficult>0</difficult>
		<bndbox>
			<xmin>171</xmin>
			<ymin>95</ymin>
			<xmax>237</xmax>
			<ymax>143</ymax>
		</bndbox>
	</object>
	<object>
		<name>desk</name>
		<pose>Unspecified</pose>
		<truncated>0</truncated>
		<difficult>0</difficult>
		<bndbox>
			<xmin>0</xmin>
			<ymin>85</ymin>
			<xmax>86</xmax>
			<ymax>114</ymax>
		</bndbox>
	</object>
	<object>
		<name>desk</name>
		<pose>Unspecified</pose>
		<truncated>0</truncated>
		<difficult>0</difficult>
		<bndbox>
			<xmin>116</xmin>
			<ymin>83</ymin>
			<xmax>179</xmax>
			<ymax>110</ymax>
		</bndbox>
	</object>
	<object>
		<name>desk</name>
		<pose>Unspecified</pose>
		<truncated>0</truncated>
		<difficult>0</difficult>
		<bndbox>
			<xmin>68</xmin>
			<ymin>72</ymin>
			<xmax>119</xmax>
			<ymax>101</ymax>
		</bndbox>
	</object>
</annotation>
