<annotation verified="yes">
	<folder>imgs</folder>
	<filename>desk_043.jpg</filename>
	<path>/home/rpete/Design/desk_dataset/imgs/desk_043.jpg</path>
	<source>
		<database>Unknown</database>
	</source>
	<size>
		<width>750</width>
		<height>750</height>
		<depth>24</depth>
	</size>
	<segmented>0</segmented>
	<object>
		<name>desk</name>
		<pose>Unspecified</pose>
		<truncated>0</truncated>
		<difficult>0</difficult>
		<bndbox>
			<xmin>138</xmin>
			<ymin>132</ymin>
			<xmax>585</xmax>
			<ymax>612</ymax>
		</bndbox>
	</object>
</annotation>
