<annotation verified="yes">
	<folder>imgs</folder>
	<filename>desk_171.jpg</filename>
	<path>/home/rpete/Design/desk_dataset/imgs/desk_171.jpg</path>
	<source>
		<database>Unknown</database>
	</source>
	<size>
		<width>273</width>
		<height>184</height>
		<depth>24</depth>
	</size>
	<segmented>0</segmented>
	<object>
		<name>desk</name>
		<pose>Unspecified</pose>
		<truncated>0</truncated>
		<difficult>0</difficult>
		<bndbox>
			<xmin>81</xmin>
			<ymin>114</ymin>
			<xmax>176</xmax>
			<ymax>183</ymax>
		</bndbox>
	</object>
	<object>
		<name>desk</name>
		<pose>Unspecified</pose>
		<truncated>0</truncated>
		<difficult>0</difficult>
		<bndbox>
			<xmin>98</xmin>
			<ymin>90</ymin>
			<xmax>152</xmax>
			<ymax>115</ymax>
		</bndbox>
	</object>
	<object>
		<name>desk</name>
		<pose>Unspecified</pose>
		<truncated>0</truncated>
		<difficult>0</difficult>
		<bndbox>
			<xmin>31</xmin>
			<ymin>82</ymin>
			<xmax>74</xmax>
			<ymax>126</ymax>
		</bndbox>
	</object>
	<object>
		<name>desk</name>
		<pose>Unspecified</pose>
		<truncated>0</truncated>
		<difficult>0</difficult>
		<bndbox>
			<xmin>0</xmin>
			<ymin>91</ymin>
			<xmax>44</xmax>
			<ymax>164</ymax>
		</bndbox>
	</object>
	<object>
		<name>desk</name>
		<pose>Unspecified</pose>
		<truncated>0</truncated>
		<difficult>0</difficult>
		<bndbox>
			<xmin>206</xmin>
			<ymin>79</ymin>
			<xmax>249</xmax>
			<ymax>133</ymax>
		</bndbox>
	</object>
</annotation>
