<annotation verified="yes">
	<folder>imgs</folder>
	<filename>desk_104.jpg</filename>
	<path>/home/rpete/Design/desk_dataset/imgs/desk_104.jpg</path>
	<source>
		<database>Unknown</database>
	</source>
	<size>
		<width>227</width>
		<height>222</height>
		<depth>24</depth>
	</size>
	<segmented>0</segmented>
	<object>
		<name>desk</name>
		<pose>Unspecified</pose>
		<truncated>0</truncated>
		<difficult>0</difficult>
		<bndbox>
			<xmin>60</xmin>
			<ymin>22</ymin>
			<xmax>217</xmax>
			<ymax>217</ymax>
		</bndbox>
	</object>
</annotation>
