<annotation verified="yes">
	<folder>imgs</folder>
	<filename>desk_152.jpg</filename>
	<path>/home/rpete/Design/desk_dataset/imgs/desk_152.jpg</path>
	<source>
		<database>Unknown</database>
	</source>
	<size>
		<width>275</width>
		<height>183</height>
		<depth>24</depth>
	</size>
	<segmented>0</segmented>
	<object>
		<name>desk</name>
		<pose>Unspecified</pose>
		<truncated>0</truncated>
		<difficult>0</difficult>
		<bndbox>
			<xmin>6</xmin>
			<ymin>88</ymin>
			<xmax>114</xmax>
			<ymax>182</ymax>
		</bndbox>
	</object>
	<object>
		<name>desk</name>
		<pose>Unspecified</pose>
		<truncated>0</truncated>
		<difficult>0</difficult>
		<bndbox>
			<xmin>87</xmin>
			<ymin>66</ymin>
			<xmax>180</xmax>
			<ymax>182</ymax>
		</bndbox>
	</object>
	<object>
		<name>desk</name>
		<pose>Unspecified</pose>
		<truncated>0</truncated>
		<difficult>0</difficult>
		<bndbox>
			<xmin>154</xmin>
			<ymin>53</ymin>
			<xmax>241</xmax>
			<ymax>166</ymax>
		</bndbox>
	</object>
	<object>
		<name>desk</name>
		<pose>Unspecified</pose>
		<truncated>0</truncated>
		<difficult>0</difficult>
		<bndbox>
			<xmin>131</xmin>
			<ymin>35</ymin>
			<xmax>193</xmax>
			<ymax>60</ymax>
		</bndbox>
	</object>
</annotation>
