<annotation verified="yes">
	<folder>imgs</folder>
	<filename>desk_145.jpg</filename>
	<path>/home/rpete/Design/desk_dataset/imgs/desk_145.jpg</path>
	<source>
		<database>Unknown</database>
	</source>
	<size>
		<width>300</width>
		<height>168</height>
		<depth>24</depth>
	</size>
	<segmented>0</segmented>
	<object>
		<name>desk</name>
		<pose>Unspecified</pose>
		<truncated>0</truncated>
		<difficult>0</difficult>
		<bndbox>
			<xmin>49</xmin>
			<ymin>29</ymin>
			<xmax>115</xmax>
			<ymax>167</ymax>
		</bndbox>
	</object>
	<object>
		<name>desk</name>
		<pose>Unspecified</pose>
		<truncated>0</truncated>
		<difficult>0</difficult>
		<bndbox>
			<xmin>173</xmin>
			<ymin>0</ymin>
			<xmax>281</xmax>
			<ymax>110</ymax>
		</bndbox>
	</object>
</annotation>
