<annotation verified="yes">
	<folder>imgs</folder>
	<filename>desk_138.jpg</filename>
	<path>/home/rpete/Design/desk_dataset/imgs/desk_138.jpg</path>
	<source>
		<database>Unknown</database>
	</source>
	<size>
		<width>188</width>
		<height>268</height>
		<depth>24</depth>
	</size>
	<segmented>0</segmented>
	<object>
		<name>desk</name>
		<pose>Unspecified</pose>
		<truncated>0</truncated>
		<difficult>0</difficult>
		<bndbox>
			<xmin>3</xmin>
			<ymin>112</ymin>
			<xmax>164</xmax>
			<ymax>167</ymax>
		</bndbox>
	</object>
	<object>
		<name>desk</name>
		<pose>Unspecified</pose>
		<truncated>0</truncated>
		<difficult>0</difficult>
		<bndbox>
			<xmin>0</xmin>
			<ymin>42</ymin>
			<xmax>67</xmax>
			<ymax>110</ymax>
		</bndbox>
	</object>
</annotation>
