<annotation verified="yes">
	<folder>imgs</folder>
	<filename>desk_126.jpg</filename>
	<path>/home/rpete/Design/desk_dataset/imgs/desk_126.jpg</path>
	<source>
		<database>Unknown</database>
	</source>
	<size>
		<width>298</width>
		<height>169</height>
		<depth>24</depth>
	</size>
	<segmented>0</segmented>
	<object>
		<name>desk</name>
		<pose>Unspecified</pose>
		<truncated>0</truncated>
		<difficult>0</difficult>
		<bndbox>
			<xmin>41</xmin>
			<ymin>69</ymin>
			<xmax>207</xmax>
			<ymax>168</ymax>
		</bndbox>
	</object>
	<object>
		<name>desk</name>
		<pose>Unspecified</pose>
		<truncated>0</truncated>
		<difficult>0</difficult>
		<bndbox>
			<xmin>29</xmin>
			<ymin>19</ymin>
			<xmax>102</xmax>
			<ymax>70</ymax>
		</bndbox>
	</object>
	<object>
		<name>desk</name>
		<pose>Unspecified</pose>
		<truncated>0</truncated>
		<difficult>0</difficult>
		<bndbox>
			<xmin>161</xmin>
			<ymin>21</ymin>
			<xmax>282</xmax>
			<ymax>165</ymax>
		</bndbox>
	</object>
	<object>
		<name>desk</name>
		<pose>Unspecified</pose>
		<truncated>0</truncated>
		<difficult>0</difficult>
		<bndbox>
			<xmin>126</xmin>
			<ymin>0</ymin>
			<xmax>201</xmax>
			<ymax>67</ymax>
		</bndbox>
	</object>
</annotation>
