<annotation verified="yes">
	<folder>imgs</folder>
	<filename>desk_063.jpg</filename>
	<path>/home/rpete/Design/desk_dataset/imgs/desk_063.jpg</path>
	<source>
		<database>Unknown</database>
	</source>
	<size>
		<width>1600</width>
		<height>1200</height>
		<depth>24</depth>
	</size>
	<segmented>0</segmented>
	<object>
		<name>desk</name>
		<pose>Unspecified</pose>
		<truncated>0</truncated>
		<difficult>0</difficult>
		<bndbox>
			<xmin>145</xmin>
			<ymin>301</ymin>
			<xmax>1365</xmax>
			<ymax>1176</ymax>
		</bndbox>
	</object>
</annotation>
