<annotation verified="yes">
	<folder>imgs</folder>
	<filename>desk_071.jpg</filename>
	<path>/home/rpete/Design/desk_dataset/imgs/desk_071.jpg</path>
	<source>
		<database>Unknown</database>
	</source>
	<size>
		<width>300</width>
		<height>308</height>
		<depth>24</depth>
	</size>
	<segmented>0</segmented>
	<object>
		<name>desk</name>
		<pose>Unspecified</pose>
		<truncated>0</truncated>
		<difficult>0</difficult>
		<bndbox>
			<xmin>38</xmin>
			<ymin>18</ymin>
			<xmax>280</xmax>
			<ymax>296</ymax>
		</bndbox>
	</object>
</annotation>
