<annotation verified="yes">
	<folder>imgs</folder>
	<filename>desk_078.jpg</filename>
	<path>/home/rpete/Design/desk_dataset/imgs/desk_078.jpg</path>
	<source>
		<database>Unknown</database>
	</source>
	<size>
		<width>243</width>
		<height>208</height>
		<depth>24</depth>
	</size>
	<segmented>0</segmented>
	<object>
		<name>desk</name>
		<pose>Unspecified</pose>
		<truncated>0</truncated>
		<difficult>0</difficult>
		<bndbox>
			<xmin>27</xmin>
			<ymin>1</ymin>
			<xmax>211</xmax>
			<ymax>207</ymax>
		</bndbox>
	</object>
</annotation>
