<annotation verified="yes">
	<folder>imgs</folder>
	<filename>desk_022.jpg</filename>
	<path>/home/rpete/Design/desk_dataset/imgs/desk_022.jpg</path>
	<source>
		<database>Unknown</database>
	</source>
	<size>
		<width>2991</width>
		<height>1971</height>
		<depth>24</depth>
	</size>
	<segmented>0</segmented>
	<object>
		<name>desk</name>
		<pose>Unspecified</pose>
		<truncated>0</truncated>
		<difficult>0</difficult>
		<bndbox>
			<xmin>80</xmin>
			<ymin>2</ymin>
			<xmax>2402</xmax>
			<ymax>1924</ymax>
		</bndbox>
	</object>
</annotation>
