<annotation verified="yes">
	<folder>imgs</folder>
	<filename>desk_001.jpg</filename>
	<path>/home/rpete/Design/desk_dataset/imgs/desk_001.jpg</path>
	<source>
		<database>Unknown</database>
	</source>
	<size>
		<width>512</width>
		<height>497</height>
		<depth>24</depth>
	</size>
	<segmented>0</segmented>
	<object>
		<name>desk</name>
		<pose>Unspecified</pose>
		<truncated>0</truncated>
		<difficult>0</difficult>
		<bndbox>
			<xmin>3</xmin>
			<ymin>39</ymin>
			<xmax>472</xmax>
			<ymax>484</ymax>
		</bndbox>
	</object>
</annotation>
