<annotation verified="yes">
	<folder>imgs</folder>
	<filename>desk_117.jpg</filename>
	<path>/home/rpete/Design/desk_dataset/imgs/desk_117.jpg</path>
	<source>
		<database>Unknown</database>
	</source>
	<size>
		<width>262</width>
		<height>192</height>
		<depth>24</depth>
	</size>
	<segmented>0</segmented>
	<object>
		<name>desk</name>
		<pose>Unspecified</pose>
		<truncated>0</truncated>
		<difficult>0</difficult>
		<bndbox>
			<xmin>68</xmin>
			<ymin>34</ymin>
			<xmax>184</xmax>
			<ymax>165</ymax>
		</bndbox>
	</object>
	<object>
		<name>desk</name>
		<pose>Unspecified</pose>
		<truncated>0</truncated>
		<difficult>0</difficult>
		<bndbox>
			<xmin>157</xmin>
			<ymin>0</ymin>
			<xmax>257</xmax>
			<ymax>83</ymax>
		</bndbox>
	</object>
	<object>
		<name>desk</name>
		<pose>Unspecified</pose>
		<truncated>0</truncated>
		<difficult>0</difficult>
		<bndbox>
			<xmin>0</xmin>
			<ymin>0</ymin>
			<xmax>87</xmax>
			<ymax>95</ymax>
		</bndbox>
	</object>
</annotation>
