<annotation verified="yes">
	<folder>imgs</folder>
	<filename>desk_123.jpg</filename>
	<path>/home/rpete/Design/desk_dataset/imgs/desk_123.jpg</path>
	<source>
		<database>Unknown</database>
	</source>
	<size>
		<width>263</width>
		<height>192</height>
		<depth>24</depth>
	</size>
	<segmented>0</segmented>
	<object>
		<name>desk</name>
		<pose>Unspecified</pose>
		<truncated>0</truncated>
		<difficult>0</difficult>
		<bndbox>
			<xmin>132</xmin>
			<ymin>68</ymin>
			<xmax>259</xmax>
			<ymax>174</ymax>
		</bndbox>
	</object>
	<object>
		<name>desk</name>
		<pose>Unspecified</pose>
		<truncated>0</truncated>
		<difficult>0</difficult>
		<bndbox>
			<xmin>31</xmin>
			<ymin>29</ymin>
			<xmax>111</xmax>
			<ymax>116</ymax>
		</bndbox>
	</object>
	<object>
		<name>desk</name>
		<pose>Unspecified</pose>
		<truncated>0</truncated>
		<difficult>0</difficult>
		<bndbox>
			<xmin>17</xmin>
			<ymin>4</ymin>
			<xmax>74</xmax>
			<ymax>64</ymax>
		</bndbox>
	</object>
	<object>
		<name>desk</name>
		<pose>Unspecified</pose>
		<truncated>0</truncated>
		<difficult>0</difficult>
		<bndbox>
			<xmin>104</xmin>
			<ymin>0</ymin>
			<xmax>159</xmax>
			<ymax>62</ymax>
		</bndbox>
	</object>
	<object>
		<name>desk</name>
		<pose>Unspecified</pose>
		<truncated>0</truncated>
		<difficult>0</difficult>
		<bndbox>
			<xmin>162</xmin>
			<ymin>17</ymin>
			<xmax>240</xmax>
			<ymax>71</ymax>
		</bndbox>
	</object>
</annotation>
