<annotation verified="yes">
	<folder>imgs</folder>
	<filename>desk_148.jpg</filename>
	<path>/home/rpete/Design/desk_dataset/imgs/desk_148.jpg</path>
	<source>
		<database>Unknown</database>
	</source>
	<size>
		<width>255</width>
		<height>198</height>
		<depth>24</depth>
	</size>
	<segmented>0</segmented>
	<object>
		<name>desk</name>
		<pose>Unspecified</pose>
		<truncated>0</truncated>
		<difficult>0</difficult>
		<bndbox>
			<xmin>48</xmin>
			<ymin>118</ymin>
			<xmax>101</xmax>
			<ymax>159</ymax>
		</bndbox>
	</object>
	<object>
		<name>desk</name>
		<pose>Unspecified</pose>
		<truncated>0</truncated>
		<difficult>0</difficult>
		<bndbox>
			<xmin>100</xmin>
			<ymin>114</ymin>
			<xmax>160</xmax>
			<ymax>152</ymax>
		</bndbox>
	</object>
	<object>
		<name>desk</name>
		<pose>Unspecified</pose>
		<truncated>0</truncated>
		<difficult>0</difficult>
		<bndbox>
			<xmin>135</xmin>
			<ymin>93</ymin>
			<xmax>175</xmax>
			<ymax>134</ymax>
		</bndbox>
	</object>
	<object>
		<name>desk</name>
		<pose>Unspecified</pose>
		<truncated>0</truncated>
		<difficult>0</difficult>
		<bndbox>
			<xmin>222</xmin>
			<ymin>108</ymin>
			<xmax>254</xmax>
			<ymax>167</ymax>
		</bndbox>
	</object>
</annotation>
