<annotation verified="yes">
	<folder>imgs</folder>
	<filename>desk_125.jpg</filename>
	<path>/home/rpete/Design/desk_dataset/imgs/desk_125.jpg</path>
	<source>
		<database>Unknown</database>
	</source>
	<size>
		<width>230</width>
		<height>219</height>
		<depth>24</depth>
	</size>
	<segmented>0</segmented>
	<object>
		<name>desk</name>
		<pose>Unspecified</pose>
		<truncated>0</truncated>
		<difficult>0</difficult>
		<bndbox>
			<xmin>10</xmin>
			<ymin>175</ymin>
			<xmax>171</xmax>
			<ymax>218</ymax>
		</bndbox>
	</object>
	<object>
		<name>desk</name>
		<pose>Unspecified</pose>
		<truncated>0</truncated>
		<difficult>0</difficult>
		<bndbox>
			<xmin>80</xmin>
			<ymin>126</ymin>
			<xmax>174</xmax>
			<ymax>188</ymax>
		</bndbox>
	</object>
	<object>
		<name>desk</name>
		<pose>Unspecified</pose>
		<truncated>0</truncated>
		<difficult>0</difficult>
		<bndbox>
			<xmin>109</xmin>
			<ymin>132</ymin>
			<xmax>180</xmax>
			<ymax>108</ymax>
		</bndbox>
	</object>
	<object>
		<name>desk</name>
		<pose>Unspecified</pose>
		<truncated>0</truncated>
		<difficult>0</difficult>
		<bndbox>
			<xmin>0</xmin>
			<ymin>113</ymin>
			<xmax>51</xmax>
			<ymax>191</ymax>
		</bndbox>
	</object>
</annotation>
