<annotation verified="yes">
	<folder>imgs</folder>
	<filename>desk_052.jpg</filename>
	<path>/home/rpete/Design/desk_dataset/imgs/desk_052.jpg</path>
	<source>
		<database>Unknown</database>
	</source>
	<size>
		<width>600</width>
		<height>600</height>
		<depth>24</depth>
	</size>
	<segmented>0</segmented>
	<object>
		<name>desk</name>
		<pose>Unspecified</pose>
		<truncated>0</truncated>
		<difficult>0</difficult>
		<bndbox>
			<xmin>120</xmin>
			<ymin>4</ymin>
			<xmax>481</xmax>
			<ymax>594</ymax>
		</bndbox>
	</object>
</annotation>
