<annotation verified="yes">
	<folder>imgs</folder>
	<filename>desk_161.jpg</filename>
	<path>/home/rpete/Design/desk_dataset/imgs/desk_161.jpg</path>
	<source>
		<database>Unknown</database>
	</source>
	<size>
		<width>262</width>
		<height>192</height>
		<depth>24</depth>
	</size>
	<segmented>0</segmented>
	<object>
		<name>desk</name>
		<pose>Unspecified</pose>
		<truncated>0</truncated>
		<difficult>0</difficult>
		<bndbox>
			<xmin>116</xmin>
			<ymin>123</ymin>
			<xmax>235</xmax>
			<ymax>173</ymax>
		</bndbox>
	</object>
	<object>
		<name>desk</name>
		<pose>Unspecified</pose>
		<truncated>0</truncated>
		<difficult>0</difficult>
		<bndbox>
			<xmin>0</xmin>
			<ymin>72</ymin>
			<xmax>121</xmax>
			<ymax>173</ymax>
		</bndbox>
	</object>
	<object>
		<name>desk</name>
		<pose>Unspecified</pose>
		<truncated>0</truncated>
		<difficult>0</difficult>
		<bndbox>
			<xmin>12</xmin>
			<ymin>92</ymin>
			<xmax>77</xmax>
			<ymax>124</ymax>
		</bndbox>
	</object>
	<object>
		<name>desk</name>
		<pose>Unspecified</pose>
		<truncated>0</truncated>
		<difficult>0</difficult>
		<bndbox>
			<xmin>48</xmin>
			<ymin>70</ymin>
			<xmax>88</xmax>
			<ymax>88</ymax>
		</bndbox>
	</object>
	<object>
		<name>desk</name>
		<pose>Unspecified</pose>
		<truncated>0</truncated>
		<difficult>0</difficult>
		<bndbox>
			<xmin>108</xmin>
			<ymin>78</ymin>
			<xmax>166</xmax>
			<ymax>98</ymax>
		</bndbox>
	</object>
	<object>
		<name>desk</name>
		<pose>Unspecified</pose>
		<truncated>0</truncated>
		<difficult>0</difficult>
		<bndbox>
			<xmin>103</xmin>
			<ymin>68</ymin>
			<xmax>146</xmax>
			<ymax>81</ymax>
		</bndbox>
	</object>
	<object>
		<name>desk</name>
		<pose>Unspecified</pose>
		<truncated>0</truncated>
		<difficult>0</difficult>
		<bndbox>
			<xmin>174</xmin>
			<ymin>72</ymin>
			<xmax>219</xmax>
			<ymax>107</ymax>
		</bndbox>
	</object>
	<object>
		<name>desk</name>
		<pose>Unspecified</pose>
		<truncated>0</truncated>
		<difficult>0</difficult>
		<bndbox>
			<xmin>224</xmin>
			<ymin>91</ymin>
			<xmax>261</xmax>
			<ymax>173</ymax>
		</bndbox>
	</object>
</annotation>
