<annotation verified="yes">
	<folder>imgs</folder>
	<filename>desk_166.jpg</filename>
	<path>/home/rpete/Design/desk_dataset/imgs/desk_166.jpg</path>
	<source>
		<database>Unknown</database>
	</source>
	<size>
		<width>286</width>
		<height>176</height>
		<depth>24</depth>
	</size>
	<segmented>0</segmented>
	<object>
		<name>desk</name>
		<pose>Unspecified</pose>
		<truncated>0</truncated>
		<difficult>0</difficult>
		<bndbox>
			<xmin>39</xmin>
			<ymin>76</ymin>
			<xmax>218</xmax>
			<ymax>172</ymax>
		</bndbox>
	</object>
	<object>
		<name>desk</name>
		<pose>Unspecified</pose>
		<truncated>0</truncated>
		<difficult>0</difficult>
		<bndbox>
			<xmin>170</xmin>
			<ymin>64</ymin>
			<xmax>238</xmax>
			<ymax>141</ymax>
		</bndbox>
	</object>
	<object>
		<name>desk</name>
		<pose>Unspecified</pose>
		<truncated>0</truncated>
		<difficult>0</difficult>
		<bndbox>
			<xmin>28</xmin>
			<ymin>60</ymin>
			<xmax>85</xmax>
			<ymax>80</ymax>
		</bndbox>
	</object>
	<object>
		<name>desk</name>
		<pose>Unspecified</pose>
		<truncated>0</truncated>
		<difficult>0</difficult>
		<bndbox>
			<xmin>109</xmin>
			<ymin>56</ymin>
			<xmax>154</xmax>
			<ymax>83</ymax>
		</bndbox>
	</object>
</annotation>
