<annotation verified="yes">
	<folder>imgs</folder>
	<filename>desk_179.jpg</filename>
	<path>/home/rpete/Design/desk_dataset/imgs/desk_179.jpg</path>
	<source>
		<database>Unknown</database>
	</source>
	<size>
		<width>270</width>
		<height>187</height>
		<depth>24</depth>
	</size>
	<segmented>0</segmented>
	<object>
		<name>desk</name>
		<pose>Unspecified</pose>
		<truncated>0</truncated>
		<difficult>0</difficult>
		<bndbox>
			<xmin>11</xmin>
			<ymin>89</ymin>
			<xmax>42</xmax>
			<ymax>116</ymax>
		</bndbox>
	</object>
	<object>
		<name>desk</name>
		<pose>Unspecified</pose>
		<truncated>0</truncated>
		<difficult>0</difficult>
		<bndbox>
			<xmin>62</xmin>
			<ymin>94</ymin>
			<xmax>104</xmax>
			<ymax>137</ymax>
		</bndbox>
	</object>
	<object>
		<name>desk</name>
		<pose>Unspecified</pose>
		<truncated>0</truncated>
		<difficult>0</difficult>
		<bndbox>
			<xmin>121</xmin>
			<ymin>108</ymin>
			<xmax>183</xmax>
			<ymax>172</ymax>
		</bndbox>
	</object>
	<object>
		<name>desk</name>
		<pose>Unspecified</pose>
		<truncated>0</truncated>
		<difficult>0</difficult>
		<bndbox>
			<xmin>165</xmin>
			<ymin>100</ymin>
			<xmax>220</xmax>
			<ymax>164</ymax>
		</bndbox>
	</object>
</annotation>
