<annotation verified="yes">
	<folder>imgs</folder>
	<filename>desk_061.jpg</filename>
	<path>/home/rpete/Design/desk_dataset/imgs/desk_061.jpg</path>
	<source>
		<database>Unknown</database>
	</source>
	<size>
		<width>650</width>
		<height>650</height>
		<depth>24</depth>
	</size>
	<segmented>0</segmented>
	<object>
		<name>desk</name>
		<pose>Unspecified</pose>
		<truncated>0</truncated>
		<difficult>0</difficult>
		<bndbox>
			<xmin>25</xmin>
			<ymin>303</ymin>
			<xmax>386</xmax>
			<ymax>484</ymax>
		</bndbox>
	</object>
</annotation>
