<annotation verified="yes">
	<folder>imgs</folder>
	<filename>desk_069.jpg</filename>
	<path>/home/rpete/Design/desk_dataset/imgs/desk_069.jpg</path>
	<source>
		<database>Unknown</database>
	</source>
	<size>
		<width>1024</width>
		<height>768</height>
		<depth>24</depth>
	</size>
	<segmented>0</segmented>
	<object>
		<name>desk</name>
		<pose>Unspecified</pose>
		<truncated>0</truncated>
		<difficult>0</difficult>
		<bndbox>
			<xmin>494</xmin>
			<ymin>589</ymin>
			<xmax>910</xmax>
			<ymax>767</ymax>
		</bndbox>
	</object>
	<object>
		<name>desk</name>
		<pose>Unspecified</pose>
		<truncated>0</truncated>
		<difficult>0</difficult>
		<bndbox>
			<xmin>300</xmin>
			<ymin>493</ymin>
			<xmax>549</xmax>
			<ymax>649</ymax>
		</bndbox>
	</object>
</annotation>
