<annotation verified="yes">
	<folder>imgs</folder>
	<filename>desk_018.jpg</filename>
	<path>/home/rpete/Design/desk_dataset/imgs/desk_018.jpg</path>
	<source>
		<database>Unknown</database>
	</source>
	<size>
		<width>300</width>
		<height>326</height>
		<depth>24</depth>
	</size>
	<segmented>0</segmented>
	<object>
		<name>desk</name>
		<pose>Unspecified</pose>
		<truncated>0</truncated>
		<difficult>0</difficult>
		<bndbox>
			<xmin>8</xmin>
			<ymin>15</ymin>
			<xmax>288</xmax>
			<ymax>310</ymax>
		</bndbox>
	</object>
</annotation>
