<annotation verified="yes">
	<folder>imgs</folder>
	<filename>desk_067.jpg</filename>
	<path>/home/rpete/Design/desk_dataset/imgs/desk_067.jpg</path>
	<source>
		<database>Unknown</database>
	</source>
	<size>
		<width>3456</width>
		<height>2136</height>
		<depth>24</depth>
	</size>
	<segmented>0</segmented>
	<object>
		<name>desk</name>
		<pose>Unspecified</pose>
		<truncated>0</truncated>
		<difficult>0</difficult>
		<bndbox>
			<xmin>412</xmin>
			<ymin>1389</ymin>
			<xmax>982</xmax>
			<ymax>1980</ymax>
		</bndbox>
	</object>
	<object>
		<name>desk</name>
		<pose>Unspecified</pose>
		<truncated>0</truncated>
		<difficult>0</difficult>
		<bndbox>
			<xmin>1664</xmin>
			<ymin>1365</ymin>
			<xmax>2550</xmax>
			<ymax>1800</ymax>
		</bndbox>
	</object>
	<object>
		<name>desk</name>
		<pose>Unspecified</pose>
		<truncated>0</truncated>
		<difficult>0</difficult>
		<bndbox>
			<xmin>741</xmin>
			<ymin>1190</ymin>
			<xmax>1176</xmax>
			<ymax>1435</ymax>
		</bndbox>
	</object>
</annotation>
