<annotation verified="yes">
	<folder>imgs</folder>
	<filename>desk_092.jpg</filename>
	<path>/home/rpete/Design/desk_dataset/imgs/desk_092.jpg</path>
	<source>
		<database>Unknown</database>
	</source>
	<size>
		<width>600</width>
		<height>490</height>
		<depth>24</depth>
	</size>
	<segmented>0</segmented>
	<object>
		<name>desk</name>
		<pose>Unspecified</pose>
		<truncated>0</truncated>
		<difficult>0</difficult>
		<bndbox>
			<xmin>14</xmin>
			<ymin>170</ymin>
			<xmax>593</xmax>
			<ymax>472</ymax>
		</bndbox>
	</object>
</annotation>
