<annotation verified="yes">
	<folder>imgs</folder>
	<filename>desk_041.jpg</filename>
	<path>/home/rpete/Design/desk_dataset/imgs/desk_041.jpg</path>
	<source>
		<database>Unknown</database>
	</source>
	<size>
		<width>512</width>
		<height>497</height>
		<depth>24</depth>
	</size>
	<segmented>0</segmented>
	<object>
		<name>desk</name>
		<pose>Unspecified</pose>
		<truncated>0</truncated>
		<difficult>0</difficult>
		<bndbox>
			<xmin>29</xmin>
			<ymin>15</ymin>
			<xmax>418</xmax>
			<ymax>465</ymax>
		</bndbox>
	</object>
</annotation>
