<annotation verified="yes">
	<folder>imgs</folder>
	<filename>desk_098.jpg</filename>
	<path>/home/rpete/Design/desk_dataset/imgs/desk_098.jpg</path>
	<source>
		<database>Unknown</database>
	</source>
	<size>
		<width>255</width>
		<height>198</height>
		<depth>24</depth>
	</size>
	<segmented>0</segmented>
	<object>
		<name>desk</name>
		<pose>Unspecified</pose>
		<truncated>0</truncated>
		<difficult>0</difficult>
		<bndbox>
			<xmin>20</xmin>
			<ymin>26</ymin>
			<xmax>232</xmax>
			<ymax>169</ymax>
		</bndbox>
	</object>
</annotation>
