<annotation verified="yes">
	<folder>imgs</folder>
	<filename>desk_122.jpg</filename>
	<path>/home/rpete/Design/desk_dataset/imgs/desk_122.jpg</path>
	<source>
		<database>Unknown</database>
	</source>
	<size>
		<width>259</width>
		<height>194</height>
		<depth>24</depth>
	</size>
	<segmented>0</segmented>
	<object>
		<name>desk</name>
		<pose>Unspecified</pose>
		<truncated>0</truncated>
		<difficult>0</difficult>
		<bndbox>
			<xmin>58</xmin>
			<ymin>25</ymin>
			<xmax>229</xmax>
			<ymax>133</ymax>
		</bndbox>
	</object>
	<object>
		<name>desk</name>
		<pose>Unspecified</pose>
		<truncated>0</truncated>
		<difficult>0</difficult>
		<bndbox>
			<xmin>54</xmin>
			<ymin>0</ymin>
			<xmax>168</xmax>
			<ymax>31</ymax>
		</bndbox>
	</object>
</annotation>
