<annotation verified="yes">
	<folder>imgs</folder>
	<filename>desk_165.jpg</filename>
	<path>/home/rpete/Design/desk_dataset/imgs/desk_165.jpg</path>
	<source>
		<database>Unknown</database>
	</source>
	<size>
		<width>259</width>
		<height>194</height>
		<depth>24</depth>
	</size>
	<segmented>0</segmented>
	<object>
		<name>desk</name>
		<pose>Unspecified</pose>
		<truncated>0</truncated>
		<difficult>0</difficult>
		<bndbox>
			<xmin>15</xmin>
			<ymin>130</ymin>
			<xmax>50</xmax>
			<ymax>163</ymax>
		</bndbox>
	</object>
	<object>
		<name>desk</name>
		<pose>Unspecified</pose>
		<truncated>0</truncated>
		<difficult>0</difficult>
		<bndbox>
			<xmin>43</xmin>
			<ymin>146</ymin>
			<xmax>100</xmax>
			<ymax>193</ymax>
		</bndbox>
	</object>
	<object>
		<name>desk</name>
		<pose>Unspecified</pose>
		<truncated>0</truncated>
		<difficult>0</difficult>
		<bndbox>
			<xmin>146</xmin>
			<ymin>148</ymin>
			<xmax>205</xmax>
			<ymax>193</ymax>
		</bndbox>
	</object>
	<object>
		<name>desk</name>
		<pose>Unspecified</pose>
		<truncated>0</truncated>
		<difficult>0</difficult>
		<bndbox>
			<xmin>192</xmin>
			<ymin>132</ymin>
			<xmax>231</xmax>
			<ymax>171</ymax>
		</bndbox>
	</object>
</annotation>
