<annotation verified="yes">
	<folder>imgs</folder>
	<filename>desk_174.jpg</filename>
	<path>/home/rpete/Design/desk_dataset/imgs/desk_174.jpg</path>
	<source>
		<database>Unknown</database>
	</source>
	<size>
		<width>258</width>
		<height>195</height>
		<depth>24</depth>
	</size>
	<segmented>0</segmented>
	<object>
		<name>desk</name>
		<pose>Unspecified</pose>
		<truncated>0</truncated>
		<difficult>0</difficult>
		<bndbox>
			<xmin>102</xmin>
			<ymin>126</ymin>
			<xmax>198</xmax>
			<ymax>194</ymax>
		</bndbox>
	</object>
	<object>
		<name>desk</name>
		<pose>Unspecified</pose>
		<truncated>0</truncated>
		<difficult>0</difficult>
		<bndbox>
			<xmin>149</xmin>
			<ymin>112</ymin>
			<xmax>218</xmax>
			<ymax>163</ymax>
		</bndbox>
	</object>
	<object>
		<name>desk</name>
		<pose>Unspecified</pose>
		<truncated>0</truncated>
		<difficult>0</difficult>
		<bndbox>
			<xmin>204</xmin>
			<ymin>92</ymin>
			<xmax>257</xmax>
			<ymax>122</ymax>
		</bndbox>
	</object>
	<object>
		<name>desk</name>
		<pose>Unspecified</pose>
		<truncated>0</truncated>
		<difficult>0</difficult>
		<bndbox>
			<xmin>39</xmin>
			<ymin>112</ymin>
			<xmax>107</xmax>
			<ymax>179</ymax>
		</bndbox>
	</object>
	<object>
		<name>desk</name>
		<pose>Unspecified</pose>
		<truncated>0</truncated>
		<difficult>0</difficult>
		<bndbox>
			<xmin>92</xmin>
			<ymin>102</ymin>
			<xmax>148</xmax>
			<ymax>127</ymax>
		</bndbox>
	</object>
	<object>
		<name>desk</name>
		<pose>Unspecified</pose>
		<truncated>0</truncated>
		<difficult>0</difficult>
		<bndbox>
			<xmin>147</xmin>
			<ymin>87</ymin>
			<xmax>199</xmax>
			<ymax>114</ymax>
		</bndbox>
	</object>
	<object>
		<name>desk</name>
		<pose>Unspecified</pose>
		<truncated>0</truncated>
		<difficult>0</difficult>
		<bndbox>
			<xmin>145</xmin>
			<ymin>88</ymin>
			<xmax>200</xmax>
			<ymax>111</ymax>
		</bndbox>
	</object>
	<object>
		<name>desk</name>
		<pose>Unspecified</pose>
		<truncated>0</truncated>
		<difficult>0</difficult>
		<bndbox>
			<xmin>11</xmin>
			<ymin>96</ymin>
			<xmax>57</xmax>
			<ymax>114</ymax>
		</bndbox>
	</object>
</annotation>
