<annotation verified="yes">
	<folder>imgs</folder>
	<filename>desk_173.jpg</filename>
	<path>/home/rpete/Design/desk_dataset/imgs/desk_173.jpg</path>
	<source>
		<database>Unknown</database>
	</source>
	<size>
		<width>343</width>
		<height>147</height>
		<depth>24</depth>
	</size>
	<segmented>0</segmented>
	<object>
		<name>desk</name>
		<pose>Unspecified</pose>
		<truncated>0</truncated>
		<difficult>0</difficult>
		<bndbox>
			<xmin>49</xmin>
			<ymin>80</ymin>
			<xmax>127</xmax>
			<ymax>136</ymax>
		</bndbox>
	</object>
	<object>
		<name>desk</name>
		<pose>Unspecified</pose>
		<truncated>0</truncated>
		<difficult>0</difficult>
		<bndbox>
			<xmin>100</xmin>
			<ymin>71</ymin>
			<xmax>172</xmax>
			<ymax>132</ymax>
		</bndbox>
	</object>
	<object>
		<name>desk</name>
		<pose>Unspecified</pose>
		<truncated>0</truncated>
		<difficult>0</difficult>
		<bndbox>
			<xmin>253</xmin>
			<ymin>67</ymin>
			<xmax>319</xmax>
			<ymax>146</ymax>
		</bndbox>
	</object>
	<object>
		<name>desk</name>
		<pose>Unspecified</pose>
		<truncated>0</truncated>
		<difficult>0</difficult>
		<bndbox>
			<xmin>176</xmin>
			<ymin>54</ymin>
			<xmax>261</xmax>
			<ymax>81</ymax>
		</bndbox>
	</object>
</annotation>
